payment_id,policy_id,payment_date,amount,payment_mode
PM0001,P0001,2022-01-12,10315,CreditCard
PM0002,P0002,2022-12-24,19199,UPI
PM0003,P0003,2022-04-27,6574,UPI
PM0004,P0004,2022-07-11,13990,UPI
PM0005,P0005,2022-01-16,5103,NetBanking
PM0006,P0006,2022-01-24,11690,CreditCard
PM0007,P0007,2022-08-06,19754,CreditCard
PM0008,P0008,2022-04-30,9707,CreditCard
PM0009,P0009,2022-06-28,8119,CreditCard
PM0010,P0010,2022-08-27,9248,UPI
PM0011,P0011,2022-09-28,19433,CreditCard
PM0012,P0012,2022-03-05,14699,NetBanking
PM0013,P0013,2022-02-11,12175,DebitCard
PM0014,P0014,2022-12-18,10714,UPI
PM0015,P0015,2023-01-23,10783,NetBanking
PM0016,P0016,2022-05-17,14047,UPI
PM0017,P0017,2022-11-18,11212,DebitCard
PM0018,P0018,2022-10-22,19911,DebitCard
PM0019,P0019,2022-06-01,14324,CreditCard
PM0020,P0020,2022-01-27,16967,NetBanking
PM0021,P0021,2022-02-25,11983,DebitCard
PM0022,P0022,2023-03-09,10071,DebitCard
PM0023,P0023,2022-04-14,9015,NetBanking
PM0024,P0024,2022-03-31,10026,NetBanking
PM0025,P0025,2022-04-08,15233,DebitCard
PM0026,P0026,2023-04-07,9132,UPI
PM0027,P0027,2022-09-07,12855,CreditCard
PM0028,P0028,2022-01-30,10907,DebitCard
PM0029,P0029,2023-04-10,7795,UPI
PM0030,P0030,2022-11-05,14819,DebitCard
PM0031,P0031,2023-03-20,8176,CreditCard
PM0032,P0032,2022-05-17,15738,CreditCard
PM0033,P0033,2022-02-01,16618,CreditCard
PM0034,P0034,2023-03-09,8944,NetBanking
PM0035,P0035,2022-12-09,12708,UPI
PM0036,P0036,2022-03-08,6886,DebitCard
PM0037,P0037,2022-01-24,18107,UPI
PM0038,P0038,2022-11-27,13126,NetBanking
PM0039,P0039,2023-04-29,9869,DebitCard
PM0040,P0040,2022-11-06,12412,UPI
PM0041,P0041,2022-05-22,13403,CreditCard
PM0042,P0042,2022-04-09,10246,DebitCard
PM0043,P0043,2022-12-25,9851,NetBanking
PM0044,P0044,2022-07-08,11232,NetBanking
PM0045,P0045,2023-05-12,5940,DebitCard
PM0046,P0046,2022-03-07,13723,UPI
PM0047,P0047,2022-08-10,7504,DebitCard
PM0048,P0048,2023-02-17,13365,CreditCard
PM0049,P0049,2023-01-29,5593,CreditCard
PM0050,P0050,2022-10-05,13933,CreditCard
PM0051,P0051,2023-01-12,17037,DebitCard
PM0052,P0052,2023-04-27,11953,CreditCard
PM0053,P0053,2022-09-01,13965,NetBanking
PM0054,P0054,2023-04-01,13009,DebitCard
PM0055,P0055,2022-06-09,15339,DebitCard
PM0056,P0056,2022-07-28,18981,CreditCard
PM0057,P0057,2022-04-13,13856,NetBanking
PM0058,P0058,2023-02-17,14346,DebitCard
PM0059,P0059,2022-11-05,14497,DebitCard
PM0060,P0060,2023-03-20,18340,CreditCard
PM0061,P0061,2022-12-14,6563,UPI
PM0062,P0062,2023-01-27,12843,CreditCard
PM0063,P0063,2023-03-07,11276,DebitCard
PM0064,P0064,2022-08-03,7623,NetBanking
PM0065,P0065,2022-11-26,16011,UPI
PM0066,P0066,2022-02-07,15977,DebitCard
PM0067,P0067,2023-03-30,11496,CreditCard
PM0068,P0068,2022-09-14,11694,UPI
PM0069,P0069,2022-08-10,7790,UPI
PM0070,P0070,2023-01-25,15641,UPI
PM0071,P0071,2022-02-02,13576,DebitCard
PM0072,P0072,2022-07-21,5506,NetBanking
PM0073,P0073,2022-01-10,9279,UPI
PM0074,P0074,2022-06-15,9362,DebitCard
PM0075,P0075,2022-03-04,9700,DebitCard
PM0076,P0076,2022-08-10,19289,CreditCard
PM0077,P0077,2022-08-25,12013,DebitCard
PM0078,P0078,2023-04-06,17091,NetBanking
PM0079,P0079,2022-10-07,18147,NetBanking
PM0080,P0080,2023-03-27,9130,UPI
PM0081,P0081,2022-01-07,17376,NetBanking
PM0082,P0082,2023-03-22,10320,CreditCard
PM0083,P0083,2022-10-13,9409,UPI
PM0084,P0084,2022-08-14,13364,NetBanking
PM0085,P0085,2022-02-18,11323,CreditCard
PM0086,P0086,2022-08-27,13747,UPI
PM0087,P0087,2022-07-10,16570,CreditCard
PM0088,P0088,2022-10-02,5554,DebitCard
PM0089,P0089,2022-08-31,13159,NetBanking
PM0090,P0090,2022-08-08,19248,UPI
PM0091,P0091,2022-10-14,9428,NetBanking
PM0092,P0092,2022-06-05,13692,UPI
PM0093,P0093,2022-09-03,11363,NetBanking
PM0094,P0094,2022-11-16,8588,DebitCard
PM0095,P0095,2022-07-30,9138,CreditCard
PM0096,P0096,2022-01-18,10834,UPI
PM0097,P0097,2022-02-27,10232,DebitCard
PM0098,P0098,2022-11-01,6831,CreditCard
PM0099,P0099,2022-01-16,7480,DebitCard
PM0100,P0100,2022-10-11,7007,DebitCard
PM0101,P0101,2023-04-04,12953,CreditCard
PM0102,P0102,2022-05-07,9612,DebitCard
PM0103,P0103,2023-04-06,15914,CreditCard
PM0104,P0104,2022-12-28,12535,NetBanking
PM0105,P0105,2023-03-29,10670,CreditCard
PM0106,P0106,2022-09-08,18728,NetBanking
PM0107,P0107,2022-07-28,13552,DebitCard
PM0108,P0108,2022-03-15,12559,NetBanking
PM0109,P0109,2023-02-09,8805,UPI
PM0110,P0110,2022-11-18,9541,CreditCard
PM0111,P0111,2023-03-10,13292,UPI
PM0112,P0112,2022-10-21,12135,NetBanking
PM0113,P0113,2023-04-16,19958,NetBanking
PM0114,P0114,2022-06-25,12898,CreditCard
PM0115,P0115,2022-05-27,14276,UPI
PM0116,P0116,2022-04-14,10345,UPI
PM0117,P0117,2022-05-14,6483,NetBanking
PM0118,P0118,2022-05-21,14740,CreditCard
PM0119,P0119,2022-06-09,14056,NetBanking
PM0120,P0120,2022-12-27,15109,NetBanking
PM0121,P0121,2022-03-08,14005,NetBanking
PM0122,P0122,2022-12-05,11701,DebitCard
PM0123,P0123,2022-04-27,15411,CreditCard
PM0124,P0124,2022-04-19,10863,UPI
PM0125,P0125,2022-10-25,6922,CreditCard
PM0126,P0126,2022-06-04,10155,NetBanking
PM0127,P0127,2022-10-20,9400,DebitCard
PM0128,P0128,2023-04-21,10226,UPI
PM0129,P0129,2023-02-09,14644,CreditCard
PM0130,P0130,2022-02-10,11846,NetBanking
PM0131,P0131,2022-09-18,14713,UPI
PM0132,P0132,2022-11-20,12866,CreditCard
PM0133,P0133,2022-02-23,10394,DebitCard
PM0134,P0134,2022-11-06,10477,UPI
PM0135,P0135,2023-02-07,12445,UPI
PM0136,P0136,2022-05-16,17088,UPI
PM0137,P0137,2022-11-21,6640,CreditCard
PM0138,P0138,2022-07-02,10488,CreditCard
PM0139,P0139,2022-11-13,6459,DebitCard
PM0140,P0140,2022-11-10,12558,NetBanking
PM0141,P0141,2022-10-28,9046,DebitCard
PM0142,P0142,2023-02-23,10566,UPI
PM0143,P0143,2023-01-29,12908,DebitCard
PM0144,P0144,2022-06-22,18862,CreditCard
PM0145,P0145,2022-07-09,8325,UPI
PM0146,P0146,2022-08-25,13825,DebitCard
PM0147,P0147,2022-08-27,10354,CreditCard
PM0148,P0148,2022-10-21,16687,UPI
PM0149,P0149,2023-04-13,10338,CreditCard
PM0150,P0150,2022-09-19,17571,CreditCard
PM0151,P0151,2022-12-16,9647,DebitCard
PM0152,P0152,2022-02-06,14030,UPI
PM0153,P0153,2022-04-14,18286,UPI
PM0154,P0154,2022-05-22,10167,CreditCard
PM0155,P0155,2023-02-02,18739,UPI
PM0156,P0156,2022-07-22,8102,DebitCard
PM0157,P0157,2022-10-20,7649,NetBanking
PM0158,P0158,2023-04-02,12141,UPI
PM0159,P0159,2022-12-01,19893,UPI
PM0160,P0160,2022-06-04,10157,NetBanking
PM0161,P0161,2023-04-25,9059,CreditCard
PM0162,P0162,2022-03-08,10330,NetBanking
PM0163,P0163,2022-05-15,8093,UPI
PM0164,P0164,2023-03-30,7257,CreditCard
PM0165,P0165,2022-09-06,12293,CreditCard
PM0166,P0166,2023-05-16,11082,UPI
PM0167,P0167,2022-11-25,8977,DebitCard
PM0168,P0168,2022-11-14,15060,CreditCard
PM0169,P0169,2022-06-28,9707,DebitCard
PM0170,P0170,2022-01-09,8598,CreditCard
PM0171,P0171,2022-04-12,8797,UPI
PM0172,P0172,2022-11-12,19077,NetBanking
PM0173,P0173,2023-01-01,12430,UPI
PM0174,P0174,2022-01-06,10865,CreditCard
PM0175,P0175,2022-11-01,7340,NetBanking
PM0176,P0176,2022-04-20,11004,CreditCard
PM0177,P0177,2022-11-16,7456,CreditCard
PM0178,P0178,2023-02-02,8127,NetBanking
PM0179,P0179,2022-04-06,18517,CreditCard
PM0180,P0180,2022-06-30,7324,UPI
PM0181,P0181,2022-04-27,15901,CreditCard
PM0182,P0182,2022-04-25,16491,NetBanking
PM0183,P0183,2022-05-19,8081,DebitCard
PM0184,P0184,2022-09-05,14061,CreditCard
PM0185,P0185,2022-06-02,6900,CreditCard
PM0186,P0186,2023-01-27,7687,CreditCard
PM0187,P0187,2023-03-26,8906,NetBanking
PM0188,P0188,2022-05-29,16428,NetBanking
PM0189,P0189,2023-01-24,5841,UPI
PM0190,P0190,2022-05-28,10812,CreditCard
PM0191,P0191,2023-04-30,15056,NetBanking
PM0192,P0192,2022-04-03,13054,NetBanking
PM0193,P0193,2022-03-28,6631,DebitCard
PM0194,P0194,2022-03-20,14034,CreditCard
PM0195,P0195,2022-10-31,14645,CreditCard
PM0196,P0196,2022-11-19,15997,DebitCard
PM0197,P0197,2022-05-21,15871,UPI
PM0198,P0198,2022-12-20,9208,DebitCard
PM0199,P0199,2023-02-07,7388,UPI
PM0200,P0200,2022-06-28,14076,UPI
PM0201,P0201,2022-10-21,12583,CreditCard
PM0202,P0202,2022-04-21,12796,CreditCard
PM0203,P0203,2023-04-27,18312,UPI
PM0204,P0204,2022-02-18,7662,NetBanking
PM0205,P0205,2022-12-08,16437,DebitCard
PM0206,P0206,2022-12-01,13881,CreditCard
PM0207,P0207,2022-09-14,14960,NetBanking
PM0208,P0208,2022-07-28,13042,UPI
PM0209,P0209,2022-07-18,12161,NetBanking
PM0210,P0210,2022-12-02,9729,UPI
PM0211,P0211,2022-08-17,10523,UPI
PM0212,P0212,2022-02-19,9405,DebitCard
PM0213,P0213,2022-10-16,12958,CreditCard
PM0214,P0214,2022-08-09,13381,DebitCard
PM0215,P0215,2022-06-22,10686,NetBanking
PM0216,P0216,2022-06-23,12512,DebitCard
PM0217,P0217,2022-02-08,11677,DebitCard
PM0218,P0218,2022-04-30,5600,UPI
PM0219,P0219,2022-10-15,16694,DebitCard
PM0220,P0220,2022-06-02,6929,NetBanking
PM0221,P0221,2023-03-12,16001,DebitCard
PM0222,P0222,2022-01-13,7081,NetBanking
PM0223,P0223,2022-09-13,8712,UPI
PM0224,P0224,2022-08-10,12776,UPI
PM0225,P0225,2022-12-18,5307,NetBanking
PM0226,P0226,2022-03-19,10071,NetBanking
PM0227,P0227,2022-09-05,12607,UPI
PM0228,P0228,2023-01-07,7235,UPI
PM0229,P0229,2022-08-31,13373,NetBanking
PM0230,P0230,2023-04-13,6685,DebitCard
PM0231,P0231,2022-10-25,18976,NetBanking
PM0232,P0232,2022-03-17,11488,UPI
PM0233,P0233,2022-08-31,14658,DebitCard
PM0234,P0234,2022-07-23,18849,NetBanking
PM0235,P0235,2023-02-20,12011,CreditCard
PM0236,P0236,2022-01-16,8189,DebitCard
PM0237,P0237,2022-01-14,12281,UPI
PM0238,P0238,2022-06-07,11702,NetBanking
PM0239,P0239,2022-10-27,12847,UPI
PM0240,P0240,2022-02-20,6727,DebitCard
PM0241,P0241,2022-02-05,15419,DebitCard
PM0242,P0242,2022-04-09,10826,DebitCard
PM0243,P0243,2022-09-15,8673,DebitCard
PM0244,P0244,2023-03-16,11098,DebitCard
PM0245,P0245,2023-01-16,11541,NetBanking
PM0246,P0246,2022-09-11,6965,UPI
PM0247,P0247,2022-06-28,17766,NetBanking
PM0248,P0248,2022-09-25,12602,DebitCard
PM0249,P0249,2022-05-20,6762,NetBanking
PM0250,P0250,2022-04-04,7469,UPI
PM0251,P0251,2022-08-04,14606,UPI
PM0252,P0252,2022-05-09,9596,NetBanking
PM0253,P0253,2023-03-24,8317,UPI
PM0254,P0254,2023-01-13,17286,CreditCard
PM0255,P0255,2023-01-23,15179,NetBanking
PM0256,P0256,2023-05-13,8536,UPI
PM0257,P0257,2022-08-30,10187,NetBanking
PM0258,P0258,2023-02-02,12572,CreditCard
PM0259,P0259,2022-02-05,10721,CreditCard
PM0260,P0260,2023-01-30,9781,DebitCard
PM0261,P0261,2022-07-05,13803,NetBanking
PM0262,P0262,2022-06-16,7521,NetBanking
PM0263,P0263,2022-02-05,8984,DebitCard
PM0264,P0264,2022-10-04,11590,CreditCard
PM0265,P0265,2022-02-26,10009,DebitCard
PM0266,P0266,2022-07-04,9938,DebitCard
PM0267,P0267,2022-01-25,19613,CreditCard
PM0268,P0268,2022-01-12,7769,NetBanking
PM0269,P0269,2022-12-21,13580,NetBanking
PM0270,P0270,2022-11-14,18774,NetBanking
PM0271,P0271,2022-01-09,16642,DebitCard
PM0272,P0272,2022-09-06,12611,CreditCard
PM0273,P0273,2023-02-21,16432,UPI
PM0274,P0274,2023-04-07,5922,NetBanking
PM0275,P0275,2022-01-20,14156,NetBanking
PM0276,P0276,2022-12-17,11711,NetBanking
PM0277,P0277,2023-04-03,13971,CreditCard
PM0278,P0278,2022-01-13,14016,UPI
PM0279,P0279,2022-10-13,13947,DebitCard
PM0280,P0280,2023-01-10,7433,DebitCard
PM0281,P0281,2022-09-12,14104,NetBanking
PM0282,P0282,2023-01-14,14952,UPI
PM0283,P0283,2022-12-27,16041,CreditCard
PM0284,P0284,2022-08-27,13717,CreditCard
PM0285,P0285,2022-03-06,6193,CreditCard
PM0286,P0286,2023-02-15,13009,CreditCard
PM0287,P0287,2022-12-29,7838,NetBanking
PM0288,P0288,2022-02-28,8605,CreditCard
PM0289,P0289,2022-02-25,10199,CreditCard
PM0290,P0290,2022-01-05,9089,NetBanking
PM0291,P0291,2022-10-26,11807,UPI
PM0292,P0292,2023-02-19,18383,UPI
PM0293,P0293,2022-08-05,8134,UPI
PM0294,P0294,2022-08-05,16254,CreditCard
PM0295,P0295,2023-01-25,14002,UPI
PM0296,P0296,2023-02-01,12147,CreditCard
PM0297,P0297,2022-12-05,9442,DebitCard
PM0298,P0298,2022-04-26,11237,CreditCard
PM0299,P0299,2022-01-07,18235,UPI
PM0300,P0300,2022-03-20,10131,CreditCard
PM0301,P0301,2022-06-06,9957,CreditCard
PM0302,P0302,2022-09-17,9484,CreditCard
PM0303,P0303,2022-05-22,11487,DebitCard
PM0304,P0304,2022-12-13,5428,UPI
PM0305,P0305,2022-12-13,10577,UPI
PM0306,P0306,2022-03-27,12145,CreditCard
PM0307,P0307,2023-05-04,8980,DebitCard
PM0308,P0308,2022-06-08,13409,CreditCard
PM0309,P0309,2022-05-11,10703,CreditCard
PM0310,P0310,2022-03-08,5569,UPI
PM0311,P0311,2022-04-09,11222,UPI
PM0312,P0312,2022-06-19,11141,DebitCard
PM0313,P0313,2022-03-30,13120,CreditCard
PM0314,P0314,2023-04-24,17664,DebitCard
PM0315,P0315,2022-01-01,7369,DebitCard
PM0316,P0316,2023-03-09,19015,NetBanking
PM0317,P0317,2023-02-02,15335,NetBanking
PM0318,P0318,2022-09-13,19714,UPI
PM0319,P0319,2022-01-24,12000,CreditCard
PM0320,P0320,2022-10-16,19840,CreditCard
PM0321,P0321,2022-04-16,9455,NetBanking
PM0322,P0322,2022-12-18,14046,UPI
PM0323,P0323,2022-09-06,8867,UPI
PM0324,P0324,2023-02-05,13766,CreditCard
PM0325,P0325,2022-03-18,8572,CreditCard
PM0326,P0326,2022-07-19,15100,DebitCard
PM0327,P0327,2022-04-12,12852,UPI
PM0328,P0328,2022-03-02,7284,NetBanking
PM0329,P0329,2023-04-29,10492,DebitCard
PM0330,P0330,2022-08-04,19591,DebitCard
PM0331,P0331,2022-07-09,6510,CreditCard
PM0332,P0332,2023-03-11,7179,CreditCard
PM0333,P0333,2023-03-14,11349,NetBanking
PM0334,P0334,2022-06-15,10411,NetBanking
PM0335,P0335,2022-05-13,13746,UPI
PM0336,P0336,2022-08-21,10625,UPI
PM0337,P0337,2022-12-09,14821,NetBanking
PM0338,P0338,2023-03-28,6558,NetBanking
PM0339,P0339,2023-02-09,14393,UPI
PM0340,P0340,2023-05-08,7251,DebitCard
PM0341,P0341,2022-01-19,9246,UPI
PM0342,P0342,2022-03-22,11145,CreditCard
PM0343,P0343,2022-10-23,16239,UPI
PM0344,P0344,2023-03-02,7730,DebitCard
PM0345,P0345,2023-04-02,7697,DebitCard
PM0346,P0346,2022-01-28,14756,DebitCard
PM0347,P0347,2023-02-03,10379,DebitCard
PM0348,P0348,2022-05-28,10004,UPI
PM0349,P0349,2022-02-17,18535,DebitCard
PM0350,P0350,2022-02-03,8772,NetBanking
PM0351,P0351,2022-07-20,6042,DebitCard
PM0352,P0352,2023-01-08,13709,UPI
PM0353,P0353,2023-01-10,6791,CreditCard
PM0354,P0354,2022-07-12,11474,NetBanking
PM0355,P0355,2023-02-02,13372,NetBanking
PM0356,P0356,2022-06-13,7259,UPI
PM0357,P0357,2022-05-04,15237,NetBanking
PM0358,P0358,2022-08-31,12969,UPI
PM0359,P0359,2022-07-16,16229,UPI
PM0360,P0360,2022-06-25,19377,UPI
PM0361,P0361,2023-03-21,16041,DebitCard
PM0362,P0362,2023-02-14,9208,CreditCard
PM0363,P0363,2022-01-29,8458,UPI
PM0364,P0364,2023-02-15,15681,UPI
PM0365,P0365,2022-06-25,19388,DebitCard
PM0366,P0366,2023-03-29,5603,CreditCard
PM0367,P0367,2022-09-09,15847,CreditCard
PM0368,P0368,2022-03-15,10785,NetBanking
PM0369,P0369,2022-09-08,15162,DebitCard
PM0370,P0370,2023-04-03,12776,DebitCard
PM0371,P0371,2023-04-23,10156,CreditCard
PM0372,P0372,2023-03-27,10354,NetBanking
PM0373,P0373,2022-05-10,8997,DebitCard
PM0374,P0374,2022-11-22,10947,NetBanking
PM0375,P0375,2022-05-17,9529,NetBanking
PM0376,P0376,2022-11-22,8434,DebitCard
PM0377,P0377,2022-01-19,16228,DebitCard
PM0378,P0378,2022-02-18,10366,DebitCard
PM0379,P0379,2022-08-20,11990,UPI
PM0380,P0380,2022-03-28,19987,DebitCard
PM0381,P0381,2023-01-09,12939,UPI
PM0382,P0382,2022-01-20,13040,NetBanking
PM0383,P0383,2022-08-22,8658,CreditCard
PM0384,P0384,2023-01-08,9005,CreditCard
PM0385,P0385,2023-02-23,19623,UPI
PM0386,P0386,2022-02-02,14355,CreditCard
PM0387,P0387,2023-01-18,10898,DebitCard
PM0388,P0388,2023-04-28,9818,DebitCard
PM0389,P0389,2022-07-26,14014,CreditCard
PM0390,P0390,2022-07-29,9457,NetBanking
PM0391,P0391,2022-07-08,11605,CreditCard
PM0392,P0392,2022-07-09,5436,UPI
PM0393,P0393,2022-10-03,11783,DebitCard
PM0394,P0394,2022-07-12,5944,NetBanking
PM0395,P0395,2022-02-12,14116,UPI
PM0396,P0396,2023-02-22,12917,CreditCard
PM0397,P0397,2022-07-21,9211,CreditCard
PM0398,P0398,2022-03-17,11493,NetBanking
PM0399,P0399,2022-02-15,14421,CreditCard
PM0400,P0400,2022-07-21,9724,CreditCard
PM0401,P0401,2023-03-14,15284,NetBanking
PM0402,P0402,2022-09-10,7549,UPI
PM0403,P0403,2023-04-28,17976,UPI
PM0404,P0404,2022-08-29,13506,DebitCard
PM0405,P0405,2022-07-08,6965,CreditCard
PM0406,P0406,2022-01-07,7215,UPI
PM0407,P0407,2022-06-29,11393,UPI
PM0408,P0408,2022-04-05,10052,CreditCard
PM0409,P0409,2022-07-30,15088,CreditCard
PM0410,P0410,2022-11-12,19878,NetBanking
PM0411,P0411,2023-04-24,6895,NetBanking
PM0412,P0412,2022-06-05,11962,NetBanking
PM0413,P0413,2022-12-22,19030,UPI
PM0414,P0414,2022-10-04,13705,CreditCard
PM0415,P0415,2022-10-22,12721,UPI
PM0416,P0416,2022-02-16,14349,CreditCard
PM0417,P0417,2022-12-28,10371,DebitCard
PM0418,P0418,2022-04-07,13943,UPI
PM0419,P0419,2022-07-03,14492,UPI
PM0420,P0420,2022-03-24,18801,CreditCard
PM0421,P0421,2022-07-09,10886,UPI
PM0422,P0422,2022-03-26,8231,CreditCard
PM0423,P0423,2022-11-27,5349,CreditCard
PM0424,P0424,2022-07-03,9545,NetBanking
PM0425,P0425,2023-04-15,8070,CreditCard
PM0426,P0426,2022-08-13,13599,UPI
PM0427,P0427,2022-03-10,8097,UPI
PM0428,P0428,2022-07-23,11770,NetBanking
PM0429,P0429,2022-08-19,12235,DebitCard
PM0430,P0430,2022-08-29,17763,UPI
PM0431,P0431,2023-05-13,8794,NetBanking
PM0432,P0432,2022-11-01,19264,UPI
PM0433,P0433,2022-07-13,13078,UPI
PM0434,P0434,2022-05-13,14291,UPI
PM0435,P0435,2022-10-12,11359,DebitCard
PM0436,P0436,2022-10-14,8329,DebitCard
PM0437,P0437,2022-02-06,15098,DebitCard
PM0438,P0438,2022-05-01,8033,UPI
PM0439,P0439,2022-02-27,18895,NetBanking
PM0440,P0440,2022-05-04,7889,NetBanking
PM0441,P0441,2022-07-19,5884,NetBanking
PM0442,P0442,2022-09-18,8383,CreditCard
PM0443,P0443,2022-12-21,9003,NetBanking
PM0444,P0444,2022-07-02,6956,DebitCard
PM0445,P0445,2022-01-03,9577,DebitCard
PM0446,P0446,2022-03-28,9749,CreditCard
PM0447,P0447,2023-04-15,14887,DebitCard
PM0448,P0448,2023-02-13,12481,UPI
PM0449,P0449,2023-04-05,18640,NetBanking
PM0450,P0450,2022-03-26,8610,CreditCard
PM0451,P0451,2022-11-30,11655,NetBanking
PM0452,P0452,2022-05-15,7749,NetBanking
PM0453,P0453,2023-04-16,11327,CreditCard
PM0454,P0454,2022-12-19,7410,DebitCard
PM0455,P0455,2022-12-18,14506,DebitCard
PM0456,P0456,2023-04-03,5179,DebitCard
PM0457,P0457,2022-05-02,5363,NetBanking
PM0458,P0458,2022-02-03,11254,UPI
PM0459,P0459,2022-03-13,18336,DebitCard
PM0460,P0460,2022-11-18,11729,CreditCard
PM0461,P0461,2022-10-15,17021,UPI
PM0462,P0462,2022-10-15,12669,DebitCard
PM0463,P0463,2022-04-18,17046,CreditCard
PM0464,P0464,2023-01-26,7474,NetBanking
PM0465,P0465,2022-12-24,7940,CreditCard
PM0466,P0466,2022-11-06,10219,CreditCard
PM0467,P0467,2022-01-21,13489,UPI
PM0468,P0468,2022-11-30,6344,CreditCard
PM0469,P0469,2023-03-06,16266,DebitCard
PM0470,P0470,2022-09-02,13829,DebitCard
PM0471,P0471,2023-02-04,10990,UPI
PM0472,P0472,2023-04-07,17827,UPI
PM0473,P0473,2022-02-16,17170,CreditCard
PM0474,P0474,2022-01-16,12997,NetBanking
PM0475,P0475,2022-07-01,9201,UPI
PM0476,P0476,2023-04-25,10603,DebitCard
PM0477,P0477,2022-06-20,6613,NetBanking
PM0478,P0478,2023-01-04,10287,DebitCard
PM0479,P0479,2023-01-25,15420,CreditCard
PM0480,P0480,2022-06-03,18249,NetBanking
PM0481,P0481,2022-08-09,9118,DebitCard
PM0482,P0482,2022-05-11,12552,UPI
PM0483,P0483,2023-02-20,19041,UPI
PM0484,P0484,2022-06-04,13291,DebitCard
PM0485,P0485,2022-01-04,11787,CreditCard
PM0486,P0486,2022-03-27,7713,NetBanking
PM0487,P0487,2022-03-29,8043,UPI
PM0488,P0488,2022-09-23,9399,UPI
PM0489,P0489,2023-05-02,13282,DebitCard
PM0490,P0490,2022-08-14,12048,NetBanking
PM0491,P0491,2022-10-07,12532,CreditCard
PM0492,P0492,2022-02-10,10519,CreditCard
PM0493,P0493,2023-05-16,5852,CreditCard
PM0494,P0494,2022-02-09,12334,CreditCard
PM0495,P0495,2023-04-09,9199,UPI
PM0496,P0496,2022-10-04,17954,UPI
PM0497,P0497,2022-11-12,13202,NetBanking
PM0498,P0498,2022-03-20,10305,CreditCard
PM0499,P0499,2022-04-29,12397,CreditCard
PM0500,P0500,2022-07-29,10197,CreditCard
PM0501,P0501,2022-11-04,13971,DebitCard
PM0502,P0502,2023-02-23,6018,CreditCard
PM0503,P0503,2022-07-01,16736,CreditCard
PM0504,P0504,2023-03-22,11207,CreditCard
PM0505,P0505,2022-10-21,10914,DebitCard
PM0506,P0506,2023-01-07,16172,NetBanking
PM0507,P0507,2022-01-08,6156,NetBanking
PM0508,P0508,2022-02-22,7507,DebitCard
PM0509,P0509,2022-02-21,14523,NetBanking
PM0510,P0510,2022-05-25,9497,UPI
PM0511,P0511,2022-10-18,10083,DebitCard
PM0512,P0512,2022-04-13,12701,CreditCard
PM0513,P0513,2022-03-15,8002,DebitCard
PM0514,P0514,2022-04-06,11503,NetBanking
PM0515,P0515,2022-02-07,12494,CreditCard
PM0516,P0516,2022-05-27,14992,CreditCard
PM0517,P0517,2023-02-12,7723,UPI
PM0518,P0518,2022-07-25,7593,DebitCard
PM0519,P0519,2022-03-15,14632,CreditCard
PM0520,P0520,2022-09-05,14559,UPI
PM0521,P0521,2022-09-10,8347,CreditCard
PM0522,P0522,2022-08-14,9152,CreditCard
PM0523,P0523,2022-04-16,18662,NetBanking
PM0524,P0524,2023-02-23,8365,CreditCard
PM0525,P0525,2022-05-23,8016,CreditCard
PM0526,P0526,2022-10-04,9607,CreditCard
PM0527,P0527,2022-04-18,7537,UPI
PM0528,P0528,2023-02-17,13128,NetBanking
PM0529,P0529,2022-11-01,11415,NetBanking
PM0530,P0530,2022-08-02,6109,DebitCard
PM0531,P0531,2022-02-27,9122,UPI
PM0532,P0532,2022-09-01,16220,DebitCard
PM0533,P0533,2023-05-04,11839,NetBanking
PM0534,P0534,2022-10-18,10341,DebitCard
PM0535,P0535,2023-01-12,11952,DebitCard
PM0536,P0536,2022-03-17,11361,NetBanking
PM0537,P0537,2022-10-25,10636,DebitCard
PM0538,P0538,2022-07-21,18986,UPI
PM0539,P0539,2022-02-22,14608,DebitCard
PM0540,P0540,2023-04-17,13139,DebitCard
PM0541,P0541,2023-02-18,8622,NetBanking
PM0542,P0542,2023-03-27,18300,DebitCard
PM0543,P0543,2022-11-09,9804,UPI
PM0544,P0544,2023-04-09,5531,DebitCard
PM0545,P0545,2022-04-12,14325,NetBanking
PM0546,P0546,2022-11-12,19242,CreditCard
PM0547,P0547,2022-04-04,6919,NetBanking
PM0548,P0548,2022-11-23,7130,DebitCard
PM0549,P0549,2023-04-07,12180,UPI
PM0550,P0550,2022-10-26,19912,NetBanking
PM0551,P0551,2022-03-19,13266,CreditCard
PM0552,P0552,2022-04-21,9811,DebitCard
PM0553,P0553,2022-11-08,14978,CreditCard
PM0554,P0554,2023-04-01,10773,UPI
PM0555,P0555,2022-10-01,7729,CreditCard
PM0556,P0556,2022-05-11,5795,NetBanking
PM0557,P0557,2023-03-21,7460,CreditCard
PM0558,P0558,2022-04-15,10593,NetBanking
PM0559,P0559,2022-10-11,6550,DebitCard
PM0560,P0560,2023-05-13,11233,CreditCard
PM0561,P0561,2023-01-22,10379,UPI
PM0562,P0562,2023-03-26,8624,DebitCard
PM0563,P0563,2023-04-10,11664,UPI
PM0564,P0564,2023-01-02,12304,DebitCard
PM0565,P0565,2023-03-18,9416,UPI
PM0566,P0566,2022-11-05,11195,UPI
PM0567,P0567,2022-05-28,12349,DebitCard
PM0568,P0568,2022-08-12,7365,NetBanking
PM0569,P0569,2023-04-19,7564,DebitCard
PM0570,P0570,2022-05-12,19357,UPI
PM0571,P0571,2022-06-12,11873,UPI
PM0572,P0572,2022-09-20,16938,UPI
PM0573,P0573,2022-02-07,9033,NetBanking
PM0574,P0574,2022-02-20,6224,CreditCard
PM0575,P0575,2022-04-07,11546,NetBanking
PM0576,P0576,2022-05-30,7148,UPI
PM0577,P0577,2023-04-18,7084,DebitCard
PM0578,P0578,2022-04-29,7615,NetBanking
PM0579,P0579,2022-08-11,10609,DebitCard
PM0580,P0580,2022-12-02,12936,UPI
PM0581,P0581,2022-03-04,12334,NetBanking
PM0582,P0582,2022-03-19,6343,CreditCard
PM0583,P0583,2023-04-13,12038,UPI
PM0584,P0584,2022-05-24,12073,NetBanking
PM0585,P0585,2023-03-01,10675,DebitCard
PM0586,P0586,2023-05-07,9132,NetBanking
PM0587,P0587,2022-06-24,14059,NetBanking
PM0588,P0588,2022-09-27,9292,NetBanking
PM0589,P0589,2022-01-26,14219,CreditCard
PM0590,P0590,2022-10-07,17165,UPI
PM0591,P0591,2023-03-01,18564,UPI
PM0592,P0592,2022-08-10,15310,NetBanking
PM0593,P0593,2022-11-19,10115,UPI
PM0594,P0594,2022-10-21,13151,UPI
PM0595,P0595,2023-04-03,11322,DebitCard
PM0596,P0596,2022-08-16,14344,CreditCard
PM0597,P0597,2022-12-24,16966,DebitCard
PM0598,P0598,2022-11-15,5682,UPI
PM0599,P0599,2022-05-27,10363,DebitCard
PM0600,P0600,2023-02-23,18106,UPI
PM0601,P0601,2023-01-16,17632,DebitCard
PM0602,P0602,2022-03-06,10913,NetBanking
PM0603,P0603,2022-01-08,13648,DebitCard
PM0604,P0604,2022-06-03,9480,UPI
PM0605,P0605,2022-06-21,9698,CreditCard
PM0606,P0606,2022-11-11,15595,CreditCard
PM0607,P0607,2022-06-28,9182,UPI
PM0608,P0608,2022-09-11,15166,NetBanking
PM0609,P0609,2022-05-03,10440,CreditCard
PM0610,P0610,2023-05-11,14039,DebitCard
PM0611,P0611,2022-11-03,5966,CreditCard
PM0612,P0612,2022-08-02,12789,CreditCard
PM0613,P0613,2023-02-11,16979,CreditCard
PM0614,P0614,2022-10-22,8861,NetBanking
PM0615,P0615,2023-04-21,12618,UPI
PM0616,P0616,2022-08-12,7818,CreditCard
PM0617,P0617,2022-08-11,14599,CreditCard
PM0618,P0618,2022-03-23,5055,CreditCard
PM0619,P0619,2022-05-03,19147,NetBanking
PM0620,P0620,2022-09-20,19569,UPI
PM0621,P0621,2022-03-15,11369,NetBanking
PM0622,P0622,2022-07-09,12590,NetBanking
PM0623,P0623,2022-05-11,9839,CreditCard
PM0624,P0624,2022-03-30,5919,UPI
PM0625,P0625,2023-01-23,13182,DebitCard
PM0626,P0626,2023-03-31,17986,NetBanking
PM0627,P0627,2022-08-02,10136,NetBanking
PM0628,P0628,2023-02-23,9175,UPI
PM0629,P0629,2023-01-17,11433,CreditCard
PM0630,P0630,2022-05-24,9466,UPI
PM0631,P0631,2023-05-05,10152,NetBanking
PM0632,P0632,2022-06-22,17532,CreditCard
PM0633,P0633,2023-02-23,9646,NetBanking
PM0634,P0634,2023-02-23,12100,CreditCard
PM0635,P0635,2022-05-21,11144,NetBanking
PM0636,P0636,2022-06-09,5376,NetBanking
PM0637,P0637,2023-02-07,18150,NetBanking
PM0638,P0638,2022-08-14,17686,CreditCard
PM0639,P0639,2022-12-29,6110,UPI
PM0640,P0640,2023-03-01,15460,NetBanking
PM0641,P0641,2022-02-14,16906,UPI
PM0642,P0642,2022-07-20,9498,NetBanking
PM0643,P0643,2023-02-23,8043,DebitCard
PM0644,P0644,2023-05-14,14747,DebitCard
PM0645,P0645,2023-03-30,10959,DebitCard
PM0646,P0646,2022-05-09,7837,NetBanking
PM0647,P0647,2022-08-23,8251,UPI
PM0648,P0648,2022-12-06,9177,NetBanking
PM0649,P0649,2022-10-25,15290,CreditCard
PM0650,P0650,2022-08-30,8986,CreditCard
PM0651,P0651,2023-04-09,12012,CreditCard
PM0652,P0652,2022-04-23,10894,DebitCard
PM0653,P0653,2022-01-08,12173,DebitCard
PM0654,P0654,2022-09-07,7809,UPI
PM0655,P0655,2022-09-27,14537,CreditCard
PM0656,P0656,2022-04-23,14904,NetBanking
PM0657,P0657,2022-08-05,14409,DebitCard
PM0658,P0658,2022-03-10,10311,CreditCard
PM0659,P0659,2023-04-09,13069,CreditCard
PM0660,P0660,2022-07-19,13081,CreditCard
PM0661,P0661,2022-09-20,10783,UPI
PM0662,P0662,2022-12-03,6159,NetBanking
PM0663,P0663,2022-01-09,18105,NetBanking
PM0664,P0664,2023-01-14,18368,DebitCard
PM0665,P0665,2022-04-27,10411,UPI
PM0666,P0666,2022-07-26,7775,CreditCard
PM0667,P0667,2022-07-08,12083,CreditCard
PM0668,P0668,2023-03-27,11212,CreditCard
PM0669,P0669,2022-05-02,8499,CreditCard
PM0670,P0670,2022-08-28,5016,CreditCard
PM0671,P0671,2023-01-21,11881,UPI
PM0672,P0672,2022-09-08,16534,UPI
PM0673,P0673,2022-02-19,12318,CreditCard
PM0674,P0674,2022-12-07,13320,NetBanking
PM0675,P0675,2022-11-03,9638,NetBanking
PM0676,P0676,2022-10-31,16418,DebitCard
PM0677,P0677,2022-08-20,12656,NetBanking
PM0678,P0678,2022-10-08,11189,CreditCard
PM0679,P0679,2022-05-21,6142,UPI
PM0680,P0680,2022-09-25,16584,CreditCard
PM0681,P0681,2022-01-18,11685,DebitCard
PM0682,P0682,2023-02-18,19960,UPI
PM0683,P0683,2023-04-16,12059,NetBanking
PM0684,P0684,2023-05-11,9729,NetBanking
PM0685,P0685,2022-11-02,7203,UPI
PM0686,P0686,2022-01-15,6616,UPI
PM0687,P0687,2022-11-13,14980,UPI
PM0688,P0688,2022-10-22,14305,UPI
PM0689,P0689,2022-04-16,12813,CreditCard
PM0690,P0690,2022-05-10,6264,DebitCard
PM0691,P0691,2022-10-09,16508,CreditCard
PM0692,P0692,2023-02-01,12992,DebitCard
PM0693,P0693,2022-10-12,12408,CreditCard
PM0694,P0694,2023-04-14,10240,UPI
PM0695,P0695,2022-10-30,14051,DebitCard
PM0696,P0696,2023-04-28,14746,DebitCard
PM0697,P0697,2022-10-19,10251,CreditCard
PM0698,P0698,2023-01-11,10585,CreditCard
PM0699,P0699,2022-04-20,11583,DebitCard
PM0700,P0700,2022-03-21,12587,UPI
PM0701,P0701,2022-10-08,6160,UPI
PM0702,P0702,2022-06-08,10396,CreditCard
PM0703,P0703,2023-03-31,18187,CreditCard
PM0704,P0704,2022-07-29,12837,DebitCard
PM0705,P0705,2022-04-09,8641,NetBanking
PM0706,P0706,2022-08-11,12301,UPI
PM0707,P0707,2023-03-15,10162,CreditCard
PM0708,P0708,2022-06-13,6537,DebitCard
PM0709,P0709,2023-02-06,7784,UPI
PM0710,P0710,2022-04-21,7264,UPI
PM0711,P0711,2022-05-06,15283,CreditCard
PM0712,P0712,2023-03-10,9043,CreditCard
PM0713,P0713,2022-07-02,9256,CreditCard
PM0714,P0714,2022-05-19,9761,UPI
PM0715,P0715,2022-04-10,13558,DebitCard
PM0716,P0716,2023-01-17,7922,DebitCard
PM0717,P0717,2022-06-08,10342,CreditCard
PM0718,P0718,2022-06-09,7322,UPI
PM0719,P0719,2022-02-17,11391,UPI
PM0720,P0720,2022-07-14,18458,DebitCard
PM0721,P0721,2023-02-27,12547,CreditCard
PM0722,P0722,2022-01-22,9038,CreditCard
PM0723,P0723,2022-12-28,7804,NetBanking
PM0724,P0724,2023-03-12,14679,UPI
PM0725,P0725,2022-06-25,8579,UPI
PM0726,P0726,2022-01-18,12544,UPI
PM0727,P0727,2022-10-07,13775,UPI
PM0728,P0728,2022-07-05,12405,CreditCard
PM0729,P0729,2023-04-14,14068,NetBanking
PM0730,P0730,2022-05-07,11593,NetBanking
PM0731,P0731,2023-02-28,9944,NetBanking
PM0732,P0732,2022-02-24,7791,NetBanking
PM0733,P0733,2023-02-14,7218,CreditCard
PM0734,P0734,2022-06-12,8924,UPI
PM0735,P0735,2022-09-11,15819,NetBanking
PM0736,P0736,2022-07-03,9823,DebitCard
PM0737,P0737,2023-03-12,12154,NetBanking
PM0738,P0738,2023-01-29,9959,NetBanking
PM0739,P0739,2023-01-11,13558,CreditCard
PM0740,P0740,2023-01-05,16908,DebitCard
PM0741,P0741,2022-01-18,11667,UPI
PM0742,P0742,2022-03-08,6362,UPI
PM0743,P0743,2022-10-16,14595,DebitCard
PM0744,P0744,2023-02-28,6553,UPI
PM0745,P0745,2022-02-19,8643,CreditCard
PM0746,P0746,2022-03-05,7738,CreditCard
PM0747,P0747,2023-01-28,14205,DebitCard
PM0748,P0748,2022-10-07,14080,UPI
PM0749,P0749,2023-04-16,6689,UPI
PM0750,P0750,2022-02-10,5647,NetBanking
PM0751,P0751,2022-01-05,14675,NetBanking
PM0752,P0752,2022-06-04,10093,CreditCard
PM0753,P0753,2022-03-11,18406,NetBanking
PM0754,P0754,2022-04-25,15618,DebitCard
PM0755,P0755,2022-12-30,16608,DebitCard
PM0756,P0756,2023-01-05,14513,UPI
PM0757,P0757,2022-08-23,16516,UPI
PM0758,P0758,2022-08-12,8717,DebitCard
PM0759,P0759,2023-02-02,5554,DebitCard
PM0760,P0760,2022-03-19,13993,DebitCard
PM0761,P0761,2022-06-03,13910,DebitCard
PM0762,P0762,2022-09-26,10867,DebitCard
PM0763,P0763,2022-10-11,15498,CreditCard
PM0764,P0764,2022-04-02,14973,CreditCard
PM0765,P0765,2022-03-29,5646,NetBanking
PM0766,P0766,2022-01-18,12588,CreditCard
PM0767,P0767,2022-06-30,11323,CreditCard
PM0768,P0768,2022-12-10,11238,UPI
PM0769,P0769,2022-07-19,18229,UPI
PM0770,P0770,2022-10-10,18193,NetBanking
PM0771,P0771,2022-11-14,8575,NetBanking
PM0772,P0772,2022-06-22,8891,DebitCard
PM0773,P0773,2023-02-16,10011,NetBanking
PM0774,P0774,2022-07-05,12792,DebitCard
PM0775,P0775,2022-08-22,10991,UPI
PM0776,P0776,2022-05-19,17310,DebitCard
PM0777,P0777,2022-11-30,15578,CreditCard
PM0778,P0778,2022-05-05,10693,DebitCard
PM0779,P0779,2022-12-06,7987,CreditCard
PM0780,P0780,2022-08-14,5224,NetBanking
PM0781,P0781,2022-06-22,9512,NetBanking
PM0782,P0782,2022-01-22,9335,DebitCard
PM0783,P0783,2022-07-14,11545,UPI
PM0784,P0784,2023-01-28,7417,DebitCard
PM0785,P0785,2023-01-11,7205,UPI
PM0786,P0786,2022-05-19,8525,CreditCard
PM0787,P0787,2022-08-15,11643,UPI
PM0788,P0788,2022-01-05,13944,CreditCard
PM0789,P0789,2023-04-16,16162,UPI
PM0790,P0790,2022-11-03,12907,DebitCard
PM0791,P0791,2022-04-25,15010,DebitCard
PM0792,P0792,2022-01-30,13655,CreditCard
PM0793,P0793,2022-12-29,15170,CreditCard
PM0794,P0794,2022-06-23,9940,CreditCard
PM0795,P0795,2023-03-19,11818,NetBanking
PM0796,P0796,2022-08-05,11561,UPI
PM0797,P0797,2022-04-23,19069,DebitCard
PM0798,P0798,2022-09-05,8787,DebitCard
PM0799,P0799,2022-07-05,16031,UPI
PM0800,P0800,2022-12-09,15123,CreditCard
PM0801,P0801,2022-07-18,15039,NetBanking
PM0802,P0802,2022-05-05,13976,UPI
PM0803,P0803,2022-12-02,17708,DebitCard
PM0804,P0804,2022-07-21,7888,NetBanking
PM0805,P0805,2022-08-05,7288,NetBanking
PM0806,P0806,2023-01-17,12113,DebitCard
PM0807,P0807,2022-10-18,13822,NetBanking
PM0808,P0808,2022-12-03,5503,NetBanking
PM0809,P0809,2022-05-17,13694,CreditCard
PM0810,P0810,2022-03-12,10271,DebitCard
PM0811,P0811,2022-09-13,11279,CreditCard
PM0812,P0812,2022-02-01,6437,DebitCard
PM0813,P0813,2022-10-17,7138,NetBanking
PM0814,P0814,2023-05-08,12517,CreditCard
PM0815,P0815,2022-05-06,6303,NetBanking
PM0816,P0816,2022-02-08,11021,UPI
PM0817,P0817,2022-03-24,13037,CreditCard
PM0818,P0818,2023-01-12,9658,CreditCard
PM0819,P0819,2022-02-20,9630,DebitCard
PM0820,P0820,2022-07-02,5851,NetBanking
PM0821,P0821,2023-04-20,9576,CreditCard
PM0822,P0822,2022-03-29,19051,NetBanking
PM0823,P0823,2022-10-08,11156,CreditCard
PM0824,P0824,2022-06-08,8692,NetBanking
PM0825,P0825,2022-12-12,12155,NetBanking
PM0826,P0826,2022-06-17,14808,DebitCard
PM0827,P0827,2023-01-10,17922,DebitCard
PM0828,P0828,2022-05-08,12828,UPI
PM0829,P0829,2022-08-31,16132,NetBanking
PM0830,P0830,2022-09-22,11767,UPI
PM0831,P0831,2022-04-21,9557,DebitCard
PM0832,P0832,2022-11-24,12258,CreditCard
PM0833,P0833,2022-05-23,10764,DebitCard
PM0834,P0834,2022-02-14,8661,CreditCard
PM0835,P0835,2022-03-11,13345,DebitCard
PM0836,P0836,2022-04-21,5547,UPI
PM0837,P0837,2022-12-23,14737,NetBanking
PM0838,P0838,2023-01-10,14780,CreditCard
PM0839,P0839,2023-01-28,9335,NetBanking
PM0840,P0840,2022-02-24,18900,DebitCard
PM0841,P0841,2023-03-20,5422,UPI
PM0842,P0842,2023-01-08,18371,UPI
PM0843,P0843,2022-06-29,14461,UPI
PM0844,P0844,2022-12-17,8229,UPI
PM0845,P0845,2022-02-11,5881,CreditCard
PM0846,P0846,2022-07-23,10774,UPI
PM0847,P0847,2022-05-16,16737,DebitCard
PM0848,P0848,2022-05-16,12048,NetBanking
PM0849,P0849,2023-01-17,12356,UPI
PM0850,P0850,2022-11-04,5942,UPI
PM0851,P0851,2022-11-04,18894,CreditCard
PM0852,P0852,2022-10-04,5514,UPI
PM0853,P0853,2022-05-01,16511,DebitCard
PM0854,P0854,2022-04-17,13952,DebitCard
PM0855,P0855,2022-07-01,9125,NetBanking
PM0856,P0856,2022-05-19,19823,UPI
PM0857,P0857,2022-03-05,10971,CreditCard
PM0858,P0858,2023-03-10,15840,CreditCard
PM0859,P0859,2022-06-03,15233,CreditCard
PM0860,P0860,2022-05-09,18620,CreditCard
PM0861,P0861,2022-12-09,11126,UPI
PM0862,P0862,2023-04-30,10574,UPI
PM0863,P0863,2022-09-08,14798,CreditCard
PM0864,P0864,2023-03-18,12046,DebitCard
PM0865,P0865,2022-12-03,9801,CreditCard
PM0866,P0866,2022-11-14,13406,UPI
PM0867,P0867,2022-12-12,13117,NetBanking
PM0868,P0868,2023-02-23,13585,CreditCard
PM0869,P0869,2023-02-09,13874,UPI
PM0870,P0870,2022-03-04,15607,DebitCard
PM0871,P0871,2022-12-29,6970,CreditCard
PM0872,P0872,2022-12-18,15223,UPI
PM0873,P0873,2022-06-30,10248,DebitCard
PM0874,P0874,2022-04-16,9651,DebitCard
PM0875,P0875,2022-12-06,7734,CreditCard
PM0876,P0876,2023-02-18,17069,UPI
PM0877,P0877,2022-06-18,5564,NetBanking
PM0878,P0878,2022-03-08,9836,NetBanking
PM0879,P0879,2022-10-10,14088,CreditCard
PM0880,P0880,2022-11-27,14413,CreditCard
PM0881,P0881,2022-09-18,8685,DebitCard
PM0882,P0882,2022-09-05,17319,DebitCard
PM0883,P0883,2022-12-04,18999,NetBanking
PM0884,P0884,2022-03-04,13759,DebitCard
PM0885,P0885,2022-09-27,9006,DebitCard
PM0886,P0886,2022-05-02,15449,UPI
PM0887,P0887,2023-02-24,15055,UPI
PM0888,P0888,2023-04-25,5596,CreditCard
PM0889,P0889,2022-05-01,11294,CreditCard
PM0890,P0890,2023-02-06,10546,DebitCard
PM0891,P0891,2022-08-13,13272,NetBanking
PM0892,P0892,2022-07-16,18020,DebitCard
PM0893,P0893,2022-12-08,11440,NetBanking
PM0894,P0894,2023-04-01,11268,DebitCard
PM0895,P0895,2023-05-15,13014,DebitCard
PM0896,P0896,2022-05-28,12776,DebitCard
PM0897,P0897,2023-04-02,9023,NetBanking
PM0898,P0898,2022-09-15,17505,NetBanking
PM0899,P0899,2022-12-14,15405,UPI
PM0900,P0900,2023-04-16,10894,NetBanking
PM0901,P0901,2023-04-23,7557,UPI
PM0902,P0902,2023-05-08,13027,DebitCard
PM0903,P0903,2022-07-11,9727,DebitCard
PM0904,P0904,2023-04-03,10696,CreditCard
PM0905,P0905,2023-03-07,10892,NetBanking
PM0906,P0906,2023-01-20,10258,NetBanking
PM0907,P0907,2022-08-19,13815,UPI
PM0908,P0908,2022-12-26,5839,CreditCard
PM0909,P0909,2022-07-23,8184,NetBanking
PM0910,P0910,2022-10-16,7776,DebitCard
PM0911,P0911,2022-09-22,13520,DebitCard
PM0912,P0912,2022-08-12,11616,DebitCard
PM0913,P0913,2023-03-10,12286,CreditCard
PM0914,P0914,2022-01-19,11562,DebitCard
PM0915,P0915,2022-05-21,5557,CreditCard
PM0916,P0916,2022-03-18,14953,UPI
PM0917,P0917,2023-01-09,14944,UPI
PM0918,P0918,2022-12-13,18527,DebitCard
PM0919,P0919,2022-08-01,17755,UPI
PM0920,P0920,2022-02-20,17106,UPI
PM0921,P0921,2022-04-22,12217,CreditCard
PM0922,P0922,2022-08-06,17261,UPI
PM0923,P0923,2022-11-30,11993,NetBanking
PM0924,P0924,2022-04-24,18474,CreditCard
PM0925,P0925,2022-03-09,10544,CreditCard
PM0926,P0926,2022-12-13,11823,CreditCard
PM0927,P0927,2023-04-07,19027,CreditCard
PM0928,P0928,2023-04-29,9770,NetBanking
PM0929,P0929,2022-12-24,10019,CreditCard
PM0930,P0930,2023-01-24,11567,CreditCard
PM0931,P0931,2022-05-24,8000,CreditCard
PM0932,P0932,2022-02-12,12364,UPI
PM0933,P0933,2022-01-19,13555,CreditCard
PM0934,P0934,2022-05-14,15681,DebitCard
PM0935,P0935,2022-04-01,14033,NetBanking
PM0936,P0936,2022-08-30,7387,DebitCard
PM0937,P0937,2022-12-14,5719,CreditCard
PM0938,P0938,2022-12-26,12462,NetBanking
PM0939,P0939,2022-06-06,5311,DebitCard
PM0940,P0940,2022-11-01,12543,NetBanking
PM0941,P0941,2022-04-05,6262,DebitCard
PM0942,P0942,2023-04-08,10886,CreditCard
PM0943,P0943,2022-01-10,8065,NetBanking
PM0944,P0944,2022-06-26,13668,UPI
PM0945,P0945,2022-05-08,9048,DebitCard
PM0946,P0946,2022-06-03,13967,DebitCard
PM0947,P0947,2022-02-20,16249,CreditCard
PM0948,P0948,2022-01-29,10380,UPI
PM0949,P0949,2022-05-31,18993,NetBanking
PM0950,P0950,2022-09-28,12967,NetBanking
PM0951,P0951,2022-04-21,5409,CreditCard
PM0952,P0952,2022-03-16,18000,NetBanking
PM0953,P0953,2022-04-15,19822,DebitCard
PM0954,P0954,2023-01-31,11812,CreditCard
PM0955,P0955,2022-01-07,9849,DebitCard
PM0956,P0956,2022-10-17,18652,DebitCard
PM0957,P0957,2022-12-24,11169,NetBanking
PM0958,P0958,2022-05-03,18823,UPI
PM0959,P0959,2022-12-31,14198,DebitCard
PM0960,P0960,2022-01-20,11025,UPI
PM0961,P0961,2022-10-11,13264,DebitCard
PM0962,P0962,2022-04-02,19353,UPI
PM0963,P0963,2022-01-30,19362,UPI
PM0964,P0964,2022-02-04,8401,UPI
PM0965,P0965,2022-07-05,11363,NetBanking
PM0966,P0966,2022-06-27,11641,NetBanking
PM0967,P0967,2022-11-12,16522,NetBanking
PM0968,P0968,2023-05-07,8414,NetBanking
PM0969,P0969,2022-06-01,16507,UPI
PM0970,P0970,2023-03-25,13258,CreditCard
PM0971,P0971,2023-04-17,11235,UPI
PM0972,P0972,2022-02-24,5002,CreditCard
PM0973,P0973,2022-12-27,10543,CreditCard
PM0974,P0974,2023-04-23,16892,DebitCard
PM0975,P0975,2022-08-21,12275,NetBanking
PM0976,P0976,2022-01-15,8566,UPI
PM0977,P0977,2022-03-30,7200,DebitCard
PM0978,P0978,2022-12-14,12804,UPI
PM0979,P0979,2022-01-26,19299,CreditCard
PM0980,P0980,2023-05-08,10768,CreditCard
PM0981,P0981,2022-09-02,16934,UPI
PM0982,P0982,2022-07-01,8126,DebitCard
PM0983,P0983,2022-09-12,12410,UPI
PM0984,P0984,2022-01-28,6175,NetBanking
PM0985,P0985,2022-01-14,7132,UPI
PM0986,P0986,2023-03-19,5395,CreditCard
PM0987,P0987,2022-03-29,13828,DebitCard
PM0988,P0988,2023-01-30,18001,DebitCard
PM0989,P0989,2022-07-11,13796,DebitCard
PM0990,P0990,2022-10-30,7719,UPI
PM0991,P0991,2023-02-05,14924,NetBanking
PM0992,P0992,2022-01-12,13911,CreditCard
PM0993,P0993,2022-08-16,12520,UPI
PM0994,P0994,2022-10-23,13181,UPI
PM0995,P0995,2022-12-27,12542,CreditCard
PM0996,P0996,2023-02-16,11313,NetBanking
PM0997,P0997,2022-12-16,7873,NetBanking
PM0998,P0998,2022-05-25,15989,DebitCard
PM0999,P0999,2023-03-07,6189,DebitCard
PM1000,P1000,2022-03-26,15072,DebitCard
PM1001,P1001,2023-02-27,15474,DebitCard
PM1002,P1002,2022-03-31,9866,NetBanking
PM1003,P1003,2023-01-09,11990,NetBanking
PM1004,P1004,2022-08-17,5038,UPI
PM1005,P1005,2023-01-17,13038,DebitCard
PM1006,P1006,2022-03-05,17537,NetBanking
PM1007,P1007,2022-10-03,15093,CreditCard
PM1008,P1008,2022-12-16,17412,NetBanking
PM1009,P1009,2022-07-11,9166,DebitCard
PM1010,P1010,2022-03-18,14747,DebitCard
PM1011,P1011,2022-10-29,14495,DebitCard
PM1012,P1012,2022-01-31,14330,NetBanking
PM1013,P1013,2022-11-24,7346,NetBanking
PM1014,P1014,2023-01-03,9070,UPI
PM1015,P1015,2022-05-24,13755,CreditCard
PM1016,P1016,2023-01-28,9284,NetBanking
PM1017,P1017,2023-02-03,9340,UPI
PM1018,P1018,2022-01-05,11791,CreditCard
PM1019,P1019,2023-03-31,19772,DebitCard
PM1020,P1020,2023-04-24,14363,NetBanking
PM1021,P1021,2022-07-28,7636,CreditCard
PM1022,P1022,2022-12-28,12647,NetBanking
PM1023,P1023,2022-07-01,7697,DebitCard
PM1024,P1024,2022-11-28,8223,NetBanking
PM1025,P1025,2022-01-20,19635,DebitCard
PM1026,P1026,2023-03-01,7158,NetBanking
PM1027,P1027,2022-09-08,9248,UPI
PM1028,P1028,2022-03-12,12066,DebitCard
PM1029,P1029,2022-07-03,7923,CreditCard
PM1030,P1030,2023-05-16,15331,NetBanking
PM1031,P1031,2023-01-11,5159,UPI
PM1032,P1032,2022-01-13,11031,UPI
PM1033,P1033,2022-10-26,14664,CreditCard
PM1034,P1034,2022-05-30,8121,NetBanking
PM1035,P1035,2022-07-23,7978,CreditCard
PM1036,P1036,2022-07-15,13758,DebitCard
PM1037,P1037,2022-03-15,17870,CreditCard
PM1038,P1038,2022-07-15,8505,CreditCard
PM1039,P1039,2022-01-28,9678,NetBanking
PM1040,P1040,2022-10-03,7265,UPI
PM1041,P1041,2022-10-24,6654,CreditCard
PM1042,P1042,2022-06-13,19648,DebitCard
PM1043,P1043,2022-05-26,16494,UPI
PM1044,P1044,2022-07-19,13910,CreditCard
PM1045,P1045,2022-04-21,15770,DebitCard
PM1046,P1046,2022-06-17,17368,CreditCard
PM1047,P1047,2022-12-17,12200,CreditCard
PM1048,P1048,2023-01-30,12212,UPI
PM1049,P1049,2022-03-26,14979,CreditCard
PM1050,P1050,2022-03-04,10200,NetBanking
PM1051,P1051,2022-01-17,12565,UPI
PM1052,P1052,2022-07-04,6812,CreditCard
PM1053,P1053,2022-09-22,13086,NetBanking
PM1054,P1054,2022-11-08,6920,NetBanking
PM1055,P1055,2023-05-14,18634,NetBanking
PM1056,P1056,2022-01-26,7050,UPI
PM1057,P1057,2023-03-06,9461,DebitCard
PM1058,P1058,2023-04-10,12701,UPI
PM1059,P1059,2022-10-14,18985,UPI
PM1060,P1060,2022-07-20,19560,DebitCard
PM1061,P1061,2022-08-22,5103,UPI
PM1062,P1062,2023-02-14,12684,DebitCard
PM1063,P1063,2022-07-21,5103,NetBanking
PM1064,P1064,2022-12-04,17839,UPI
PM1065,P1065,2022-06-27,13180,UPI
PM1066,P1066,2022-02-25,9913,CreditCard
PM1067,P1067,2023-02-07,14649,CreditCard
PM1068,P1068,2022-08-23,8421,NetBanking
PM1069,P1069,2022-10-25,9134,DebitCard
PM1070,P1070,2022-10-02,8017,NetBanking
PM1071,P1071,2022-02-27,13839,UPI
PM1072,P1072,2023-04-24,13929,NetBanking
PM1073,P1073,2022-08-19,7571,UPI
PM1074,P1074,2023-03-15,13663,UPI
PM1075,P1075,2022-08-09,13639,CreditCard
PM1076,P1076,2022-09-24,19440,NetBanking
PM1077,P1077,2022-04-17,7479,DebitCard
PM1078,P1078,2022-03-22,8228,NetBanking
PM1079,P1079,2023-04-09,16565,CreditCard
PM1080,P1080,2022-06-23,16886,UPI
PM1081,P1081,2022-02-25,8425,UPI
PM1082,P1082,2022-10-26,18267,DebitCard
PM1083,P1083,2022-11-20,12433,DebitCard
PM1084,P1084,2022-09-24,12848,NetBanking
PM1085,P1085,2022-03-29,14204,NetBanking
PM1086,P1086,2022-12-25,9477,DebitCard
PM1087,P1087,2022-03-24,15323,DebitCard
PM1088,P1088,2022-05-22,10672,DebitCard
PM1089,P1089,2022-08-04,9989,UPI
PM1090,P1090,2022-07-19,10198,CreditCard
PM1091,P1091,2022-10-26,6371,NetBanking
PM1092,P1092,2023-02-04,7810,NetBanking
PM1093,P1093,2023-02-09,5392,NetBanking
PM1094,P1094,2023-02-24,12526,DebitCard
PM1095,P1095,2023-02-10,15942,DebitCard
PM1096,P1096,2022-12-07,10529,UPI
PM1097,P1097,2022-08-14,11001,UPI
PM1098,P1098,2022-06-12,14547,UPI
PM1099,P1099,2023-02-21,17358,NetBanking
PM1100,P1100,2022-07-11,15805,NetBanking
PM1101,P1101,2023-04-20,8058,NetBanking
PM1102,P1102,2022-09-06,13449,DebitCard
PM1103,P1103,2022-11-07,14164,DebitCard
PM1104,P1104,2022-05-19,9291,DebitCard
PM1105,P1105,2022-02-25,7756,UPI
PM1106,P1106,2022-03-31,17059,NetBanking
PM1107,P1107,2022-11-26,15654,NetBanking
PM1108,P1108,2022-11-13,8382,UPI
PM1109,P1109,2022-10-13,13926,DebitCard
PM1110,P1110,2022-01-07,13885,UPI
PM1111,P1111,2023-02-20,14257,NetBanking
PM1112,P1112,2023-01-23,8001,UPI
PM1113,P1113,2022-10-16,16810,DebitCard
PM1114,P1114,2022-08-04,15322,CreditCard
PM1115,P1115,2022-03-12,12836,NetBanking
PM1116,P1116,2022-04-04,19821,UPI
PM1117,P1117,2022-10-31,8318,DebitCard
PM1118,P1118,2023-04-05,17486,UPI
PM1119,P1119,2023-03-13,11478,NetBanking
PM1120,P1120,2022-03-06,14586,CreditCard
PM1121,P1121,2022-05-20,9474,UPI
PM1122,P1122,2022-01-09,5985,UPI
PM1123,P1123,2022-08-05,8328,CreditCard
PM1124,P1124,2022-04-28,14233,UPI
PM1125,P1125,2023-02-01,15907,CreditCard
PM1126,P1126,2023-03-01,14049,CreditCard
PM1127,P1127,2022-09-02,6929,UPI
PM1128,P1128,2023-01-28,11619,NetBanking
PM1129,P1129,2022-08-13,11295,DebitCard
PM1130,P1130,2023-03-30,18151,NetBanking
PM1131,P1131,2022-12-28,8112,DebitCard
PM1132,P1132,2023-01-22,5434,NetBanking
PM1133,P1133,2023-02-10,13127,CreditCard
PM1134,P1134,2022-12-18,9540,UPI
PM1135,P1135,2022-12-23,10163,UPI
PM1136,P1136,2022-06-04,15815,DebitCard
PM1137,P1137,2022-04-26,11776,NetBanking
PM1138,P1138,2022-02-01,6334,UPI
PM1139,P1139,2023-04-25,7605,CreditCard
PM1140,P1140,2022-07-18,10319,NetBanking
PM1141,P1141,2022-06-02,11177,DebitCard
PM1142,P1142,2022-10-14,7263,CreditCard
PM1143,P1143,2022-07-13,14508,UPI
PM1144,P1144,2022-05-22,11820,CreditCard
PM1145,P1145,2022-11-24,11116,NetBanking
PM1146,P1146,2022-10-14,9290,UPI
PM1147,P1147,2022-09-06,10039,CreditCard
PM1148,P1148,2022-03-02,10865,UPI
PM1149,P1149,2022-12-31,12403,NetBanking
PM1150,P1150,2022-12-03,10899,DebitCard
PM1151,P1151,2022-08-16,10347,NetBanking
PM1152,P1152,2022-02-21,9183,UPI
PM1153,P1153,2022-04-18,9961,UPI
PM1154,P1154,2022-03-19,14834,NetBanking
PM1155,P1155,2022-09-12,14304,NetBanking
PM1156,P1156,2022-11-07,9312,UPI
PM1157,P1157,2023-04-22,8333,DebitCard
PM1158,P1158,2022-06-20,6437,UPI
PM1159,P1159,2022-06-30,6472,NetBanking
PM1160,P1160,2022-02-25,9408,UPI
PM1161,P1161,2022-11-28,10494,CreditCard
PM1162,P1162,2022-02-03,8127,CreditCard
PM1163,P1163,2022-02-06,7605,CreditCard
PM1164,P1164,2022-10-08,19530,DebitCard
PM1165,P1165,2022-08-12,11623,NetBanking
PM1166,P1166,2022-07-10,15724,CreditCard
PM1167,P1167,2022-01-03,13654,DebitCard
PM1168,P1168,2022-03-23,13009,DebitCard
PM1169,P1169,2022-09-13,10815,UPI
PM1170,P1170,2022-06-24,12125,NetBanking
PM1171,P1171,2022-01-05,18900,NetBanking
PM1172,P1172,2022-11-28,9086,UPI
PM1173,P1173,2023-03-31,12367,UPI
PM1174,P1174,2023-02-12,14551,CreditCard
PM1175,P1175,2023-04-14,13505,CreditCard
PM1176,P1176,2022-10-04,7319,CreditCard
PM1177,P1177,2022-05-05,10476,NetBanking
PM1178,P1178,2022-06-28,9403,CreditCard
PM1179,P1179,2022-06-23,5742,UPI
PM1180,P1180,2022-08-21,17525,CreditCard
PM1181,P1181,2022-11-15,13448,CreditCard
PM1182,P1182,2022-12-27,11381,NetBanking
PM1183,P1183,2023-05-07,7036,DebitCard
PM1184,P1184,2023-03-20,17018,DebitCard
PM1185,P1185,2022-01-08,13921,CreditCard
PM1186,P1186,2022-06-14,6632,DebitCard
PM1187,P1187,2022-04-30,14215,NetBanking
PM1188,P1188,2023-04-07,8870,UPI
PM1189,P1189,2023-02-25,14091,UPI
PM1190,P1190,2023-02-03,12825,CreditCard
PM1191,P1191,2023-02-09,14931,NetBanking
PM1192,P1192,2022-01-12,9105,UPI
PM1193,P1193,2022-11-08,8017,UPI
PM1194,P1194,2023-01-26,10218,DebitCard
PM1195,P1195,2022-10-22,12141,UPI
PM1196,P1196,2022-05-28,17304,UPI
PM1197,P1197,2022-04-30,19333,DebitCard
PM1198,P1198,2022-02-02,9415,NetBanking
PM1199,P1199,2022-07-22,15677,NetBanking
PM1200,P1200,2022-01-08,13364,DebitCard
