policy_id,customer_id,policy_type,start_date,end_date,premium_amount
P0001,C0988,Vehicle,2022-01-12,2023-01-12,10315
P0002,C0842,Health,2022-12-24,2023-12-24,19199
P0003,C0459,Vehicle,2022-04-27,2023-04-27,6574
P0004,C0753,Vehicle,2022-07-11,2023-07-11,13990
P0005,C0659,Vehicle,2022-01-16,2023-01-16,5103
P0006,C0987,Vehicle,2022-01-24,2023-01-24,11690
P0007,C0046,Health,2022-08-06,2023-08-06,19754
P0008,C0055,Health,2022-04-30,2023-04-30,9707
P0009,C0892,Health,2022-06-28,2023-06-28,8119
P0010,C0407,Vehicle,2022-08-27,2023-08-27,9248
P0011,C0469,Health,2022-09-28,2023-09-28,19433
P0012,C0645,Health,2022-03-05,2023-03-05,14699
P0013,C0847,Vehicle,2022-02-11,2023-02-11,12175
P0014,C0850,Health,2022-12-18,2023-12-18,10714
P0015,C0340,Health,2023-01-23,2024-01-23,10783
P0016,C0194,Health,2022-05-17,2023-05-17,14047
P0017,C0681,Vehicle,2022-11-18,2023-11-18,11212
P0018,C0966,Health,2022-10-22,2023-10-22,19911
P0019,C0966,Vehicle,2022-06-01,2023-06-01,14324
P0020,C0717,Health,2022-01-27,2023-01-27,16967
P0021,C0636,Vehicle,2022-02-25,2023-02-25,11983
P0022,C0146,Health,2023-03-09,2024-03-08,10071
P0023,C0527,Health,2022-04-14,2023-04-14,9015
P0024,C0882,Health,2022-03-31,2023-03-31,10026
P0025,C0157,Health,2022-04-08,2023-04-08,15233
P0026,C0907,Vehicle,2023-04-07,2024-04-06,9132
P0027,C0980,Health,2022-09-07,2023-09-07,12855
P0028,C0246,Health,2022-01-30,2023-01-30,10907
P0029,C0781,Vehicle,2023-04-10,2024-04-09,7795
P0030,C0656,Health,2022-11-05,2023-11-05,14819
P0031,C0394,Vehicle,2023-03-20,2024-03-19,8176
P0032,C0901,Health,2022-05-17,2023-05-17,15738
P0033,C0261,Health,2022-02-01,2023-02-01,16618
P0034,C0352,Health,2023-03-09,2024-03-08,8944
P0035,C0327,Vehicle,2022-12-09,2023-12-09,12708
P0036,C0061,Vehicle,2022-03-08,2023-03-08,6886
P0037,C0733,Health,2022-01-24,2023-01-24,18107
P0038,C0161,Vehicle,2022-11-27,2023-11-27,13126
P0039,C0995,Vehicle,2023-04-29,2024-04-28,9869
P0040,C0818,Health,2022-11-06,2023-11-06,12412
P0041,C0313,Health,2022-05-22,2023-05-22,13403
P0042,C0388,Health,2022-04-09,2023-04-09,10246
P0043,C0764,Vehicle,2022-12-25,2023-12-25,9851
P0044,C0400,Health,2022-07-08,2023-07-08,11232
P0045,C0022,Vehicle,2023-05-12,2024-05-11,5940
P0046,C0721,Vehicle,2022-03-07,2023-03-07,13723
P0047,C0654,Health,2022-08-10,2023-08-10,7504
P0048,C0148,Health,2023-02-17,2024-02-17,13365
P0049,C0077,Vehicle,2023-01-29,2024-01-29,5593
P0050,C0875,Vehicle,2022-10-05,2023-10-05,13933
P0051,C0487,Health,2023-01-12,2024-01-12,17037
P0052,C0217,Health,2023-04-27,2024-04-26,11953
P0053,C0153,Vehicle,2022-09-01,2023-09-01,13965
P0054,C0660,Health,2023-04-01,2024-03-31,13009
P0055,C0147,Health,2022-06-09,2023-06-09,15339
P0056,C0281,Health,2022-07-28,2023-07-28,18981
P0057,C0725,Health,2022-04-13,2023-04-13,13856
P0058,C0849,Health,2023-02-17,2024-02-17,14346
P0059,C0639,Vehicle,2022-11-05,2023-11-05,14497
P0060,C0470,Health,2023-03-20,2024-03-19,18340
P0061,C0569,Vehicle,2022-12-14,2023-12-14,6563
P0062,C0945,Health,2023-01-27,2024-01-27,12843
P0063,C0803,Health,2023-03-07,2024-03-06,11276
P0064,C0076,Health,2022-08-03,2023-08-03,7623
P0065,C0743,Health,2022-11-26,2023-11-26,16011
P0066,C0616,Health,2022-02-07,2023-02-07,15977
P0067,C0736,Vehicle,2023-03-30,2024-03-29,11496
P0068,C0349,Vehicle,2022-09-14,2023-09-14,11694
P0069,C0366,Vehicle,2022-08-10,2023-08-10,7790
P0070,C0889,Health,2023-01-25,2024-01-25,15641
P0071,C0056,Vehicle,2022-02-02,2023-02-02,13576
P0072,C0141,Vehicle,2022-07-21,2023-07-21,5506
P0073,C0570,Vehicle,2022-01-10,2023-01-10,9279
P0074,C0254,Health,2022-06-15,2023-06-15,9362
P0075,C0253,Vehicle,2022-03-04,2023-03-04,9700
P0076,C0016,Health,2022-08-10,2023-08-10,19289
P0077,C0190,Health,2022-08-25,2023-08-25,12013
P0078,C0313,Health,2023-04-06,2024-04-05,17091
P0079,C0428,Health,2022-10-07,2023-10-07,18147
P0080,C0159,Vehicle,2023-03-27,2024-03-26,9130
P0081,C0528,Health,2022-01-07,2023-01-07,17376
P0082,C0588,Vehicle,2023-03-22,2024-03-21,10320
P0083,C0720,Health,2022-10-13,2023-10-13,9409
P0084,C0091,Health,2022-08-14,2023-08-14,13364
P0085,C0704,Vehicle,2022-02-18,2023-02-18,11323
P0086,C0623,Vehicle,2022-08-27,2023-08-27,13747
P0087,C0504,Health,2022-07-10,2023-07-10,16570
P0088,C0720,Vehicle,2022-10-02,2023-10-02,5554
P0089,C0586,Vehicle,2022-08-31,2023-08-31,13159
P0090,C0919,Health,2022-08-08,2023-08-08,19248
P0091,C0736,Vehicle,2022-10-14,2023-10-14,9428
P0092,C0253,Health,2022-06-05,2023-06-05,13692
P0093,C0828,Health,2022-09-03,2023-09-03,11363
P0094,C0704,Vehicle,2022-11-16,2023-11-16,8588
P0095,C0771,Vehicle,2022-07-30,2023-07-30,9138
P0096,C0476,Vehicle,2022-01-18,2023-01-18,10834
P0097,C0301,Vehicle,2022-02-27,2023-02-27,10232
P0098,C0732,Vehicle,2022-11-01,2023-11-01,6831
P0099,C0542,Vehicle,2022-01-16,2023-01-16,7480
P0100,C0324,Vehicle,2022-10-11,2023-10-11,7007
P0101,C0030,Vehicle,2023-04-04,2024-04-03,12953
P0102,C0794,Health,2022-05-07,2023-05-07,9612
P0103,C0281,Health,2023-04-06,2024-04-05,15914
P0104,C0747,Health,2022-12-28,2023-12-28,12535
P0105,C0854,Health,2023-03-29,2024-03-28,10670
P0106,C0607,Health,2022-09-08,2023-09-08,18728
P0107,C0115,Health,2022-07-28,2023-07-28,13552
P0108,C0360,Vehicle,2022-03-15,2023-03-15,12559
P0109,C0442,Vehicle,2023-02-09,2024-02-09,8805
P0110,C0171,Health,2022-11-18,2023-11-18,9541
P0111,C0985,Health,2023-03-10,2024-03-09,13292
P0112,C0405,Vehicle,2022-10-21,2023-10-21,12135
P0113,C0400,Health,2023-04-16,2024-04-15,19958
P0114,C0931,Health,2022-06-25,2023-06-25,12898
P0115,C0110,Vehicle,2022-05-27,2023-05-27,14276
P0116,C0740,Health,2022-04-14,2023-04-14,10345
P0117,C0374,Vehicle,2022-05-14,2023-05-14,6483
P0118,C0708,Vehicle,2022-05-21,2023-05-21,14740
P0119,C0055,Vehicle,2022-06-09,2023-06-09,14056
P0120,C0633,Health,2022-12-27,2023-12-27,15109
P0121,C0613,Vehicle,2022-03-08,2023-03-08,14005
P0122,C0853,Vehicle,2022-12-05,2023-12-05,11701
P0123,C0651,Health,2022-04-27,2023-04-27,15411
P0124,C0318,Vehicle,2022-04-19,2023-04-19,10863
P0125,C0736,Vehicle,2022-10-25,2023-10-25,6922
P0126,C0148,Vehicle,2022-06-04,2023-06-04,10155
P0127,C0114,Health,2022-10-20,2023-10-20,9400
P0128,C0020,Health,2023-04-21,2024-04-20,10226
P0129,C0621,Health,2023-02-09,2024-02-09,14644
P0130,C0442,Vehicle,2022-02-10,2023-02-10,11846
P0131,C0337,Health,2022-09-18,2023-09-18,14713
P0132,C0307,Vehicle,2022-11-20,2023-11-20,12866
P0133,C0145,Vehicle,2022-02-23,2023-02-23,10394
P0134,C0530,Vehicle,2022-11-06,2023-11-06,10477
P0135,C0153,Vehicle,2023-02-07,2024-02-07,12445
P0136,C0831,Health,2022-05-16,2023-05-16,17088
P0137,C0232,Vehicle,2022-11-21,2023-11-21,6640
P0138,C0949,Health,2022-07-02,2023-07-02,10488
P0139,C0512,Vehicle,2022-11-13,2023-11-13,6459
P0140,C0870,Health,2022-11-10,2023-11-10,12558
P0141,C1000,Health,2022-10-28,2023-10-28,9046
P0142,C0948,Vehicle,2023-02-23,2024-02-23,10566
P0143,C0179,Vehicle,2023-01-29,2024-01-29,12908
P0144,C0626,Health,2022-06-22,2023-06-22,18862
P0145,C0708,Health,2022-07-09,2023-07-09,8325
P0146,C0575,Health,2022-08-25,2023-08-25,13825
P0147,C0974,Health,2022-08-27,2023-08-27,10354
P0148,C0106,Health,2022-10-21,2023-10-21,16687
P0149,C0271,Vehicle,2023-04-13,2024-04-12,10338
P0150,C0176,Health,2022-09-19,2023-09-19,17571
P0151,C0252,Health,2022-12-16,2023-12-16,9647
P0152,C0392,Vehicle,2022-02-06,2023-02-06,14030
P0153,C0619,Health,2022-04-14,2023-04-14,18286
P0154,C0424,Health,2022-05-22,2023-05-22,10167
P0155,C0010,Health,2023-02-02,2024-02-02,18739
P0156,C0019,Vehicle,2022-07-22,2023-07-22,8102
P0157,C0235,Health,2022-10-20,2023-10-20,7649
P0158,C0489,Health,2023-04-02,2024-04-01,12141
P0159,C0059,Health,2022-12-01,2023-12-01,19893
P0160,C0136,Health,2022-06-04,2023-06-04,10157
P0161,C0260,Vehicle,2023-04-25,2024-04-24,9059
P0162,C0179,Vehicle,2022-03-08,2023-03-08,10330
P0163,C0481,Health,2022-05-15,2023-05-15,8093
P0164,C0507,Vehicle,2023-03-30,2024-03-29,7257
P0165,C0056,Health,2022-09-06,2023-09-06,12293
P0166,C0222,Health,2023-05-16,2024-05-15,11082
P0167,C0042,Vehicle,2022-11-25,2023-11-25,8977
P0168,C0824,Health,2022-11-14,2023-11-14,15060
P0169,C0920,Vehicle,2022-06-28,2023-06-28,9707
P0170,C0705,Health,2022-01-09,2023-01-09,8598
P0171,C0279,Health,2022-04-12,2023-04-12,8797
P0172,C0768,Health,2022-11-12,2023-11-12,19077
P0173,C0162,Health,2023-01-01,2024-01-01,12430
P0174,C0980,Vehicle,2022-01-06,2023-01-06,10865
P0175,C0505,Vehicle,2022-11-01,2023-11-01,7340
P0176,C0547,Vehicle,2022-04-20,2023-04-20,11004
P0177,C0403,Vehicle,2022-11-16,2023-11-16,7456
P0178,C0325,Health,2023-02-02,2024-02-02,8127
P0179,C0222,Health,2022-04-06,2023-04-06,18517
P0180,C0849,Vehicle,2022-06-30,2023-06-30,7324
P0181,C0037,Health,2022-04-27,2023-04-27,15901
P0182,C0149,Health,2022-04-25,2023-04-25,16491
P0183,C0154,Health,2022-05-19,2023-05-19,8081
P0184,C0189,Vehicle,2022-09-05,2023-09-05,14061
P0185,C0203,Vehicle,2022-06-02,2023-06-02,6900
P0186,C0524,Vehicle,2023-01-27,2024-01-27,7687
P0187,C0227,Vehicle,2023-03-26,2024-03-25,8906
P0188,C0557,Health,2022-05-29,2023-05-29,16428
P0189,C0699,Vehicle,2023-01-24,2024-01-24,5841
P0190,C0441,Health,2022-05-28,2023-05-28,10812
P0191,C0729,Health,2023-04-30,2024-04-29,15056
P0192,C0140,Health,2022-04-03,2023-04-03,13054
P0193,C0798,Vehicle,2022-03-28,2023-03-28,6631
P0194,C0089,Health,2022-03-20,2023-03-20,14034
P0195,C0552,Vehicle,2022-10-31,2023-10-31,14645
P0196,C0876,Health,2022-11-19,2023-11-19,15997
P0197,C0918,Health,2022-05-21,2023-05-21,15871
P0198,C0984,Health,2022-12-20,2023-12-20,9208
P0199,C0704,Vehicle,2023-02-07,2024-02-07,7388
P0200,C0215,Health,2022-06-28,2023-06-28,14076
P0201,C0203,Health,2022-10-21,2023-10-21,12583
P0202,C0568,Vehicle,2022-04-21,2023-04-21,12796
P0203,C0981,Health,2023-04-27,2024-04-26,18312
P0204,C0587,Health,2022-02-18,2023-02-18,7662
P0205,C0902,Health,2022-12-08,2023-12-08,16437
P0206,C0758,Health,2022-12-01,2023-12-01,13881
P0207,C0008,Health,2022-09-14,2023-09-14,14960
P0208,C0754,Health,2022-07-28,2023-07-28,13042
P0209,C0408,Health,2022-07-18,2023-07-18,12161
P0210,C0159,Vehicle,2022-12-02,2023-12-02,9729
P0211,C0637,Health,2022-08-17,2023-08-17,10523
P0212,C0465,Health,2022-02-19,2023-02-19,9405
P0213,C0512,Health,2022-10-16,2023-10-16,12958
P0214,C0196,Vehicle,2022-08-09,2023-08-09,13381
P0215,C0831,Vehicle,2022-06-22,2023-06-22,10686
P0216,C0162,Vehicle,2022-06-23,2023-06-23,12512
P0217,C0542,Vehicle,2022-02-08,2023-02-08,11677
P0218,C0371,Vehicle,2022-04-30,2023-04-30,5600
P0219,C0400,Health,2022-10-15,2023-10-15,16694
P0220,C0365,Vehicle,2022-06-02,2023-06-02,6929
P0221,C0090,Health,2023-03-12,2024-03-11,16001
P0222,C0578,Vehicle,2022-01-13,2023-01-13,7081
P0223,C0106,Health,2022-09-13,2023-09-13,8712
P0224,C0687,Vehicle,2022-08-10,2023-08-10,12776
P0225,C0854,Vehicle,2022-12-18,2023-12-18,5307
P0226,C0005,Health,2022-03-19,2023-03-19,10071
P0227,C0179,Vehicle,2022-09-05,2023-09-05,12607
P0228,C0554,Vehicle,2023-01-07,2024-01-07,7235
P0229,C0805,Health,2022-08-31,2023-08-31,13373
P0230,C0084,Vehicle,2023-04-13,2024-04-12,6685
P0231,C0961,Health,2022-10-25,2023-10-25,18976
P0232,C0439,Health,2022-03-17,2023-03-17,11488
P0233,C0927,Health,2022-08-31,2023-08-31,14658
P0234,C0787,Health,2022-07-23,2023-07-23,18849
P0235,C0466,Vehicle,2023-02-20,2024-02-20,12011
P0236,C0313,Vehicle,2022-01-16,2023-01-16,8189
P0237,C0485,Vehicle,2022-01-14,2023-01-14,12281
P0238,C0396,Vehicle,2022-06-07,2023-06-07,11702
P0239,C0202,Vehicle,2022-10-27,2023-10-27,12847
P0240,C0301,Vehicle,2022-02-20,2023-02-20,6727
P0241,C0712,Health,2022-02-05,2023-02-05,15419
P0242,C0690,Vehicle,2022-04-09,2023-04-09,10826
P0243,C0129,Vehicle,2022-09-15,2023-09-15,8673
P0244,C0239,Health,2023-03-16,2024-03-15,11098
P0245,C0567,Vehicle,2023-01-16,2024-01-16,11541
P0246,C0792,Vehicle,2022-09-11,2023-09-11,6965
P0247,C0760,Health,2022-06-28,2023-06-28,17766
P0248,C0859,Health,2022-09-25,2023-09-25,12602
P0249,C0427,Vehicle,2022-05-20,2023-05-20,6762
P0250,C0772,Vehicle,2022-04-04,2023-04-04,7469
P0251,C0750,Health,2022-08-04,2023-08-04,14606
P0252,C0398,Vehicle,2022-05-09,2023-05-09,9596
P0253,C0705,Health,2023-03-24,2024-03-23,8317
P0254,C0173,Health,2023-01-13,2024-01-13,17286
P0255,C0949,Health,2023-01-23,2024-01-23,15179
P0256,C0833,Health,2023-05-13,2024-05-12,8536
P0257,C0077,Vehicle,2022-08-30,2023-08-30,10187
P0258,C0647,Vehicle,2023-02-02,2024-02-02,12572
P0259,C0666,Vehicle,2022-02-05,2023-02-05,10721
P0260,C0348,Vehicle,2023-01-30,2024-01-30,9781
P0261,C0630,Vehicle,2022-07-05,2023-07-05,13803
P0262,C0424,Health,2022-06-16,2023-06-16,7521
P0263,C0610,Health,2022-02-05,2023-02-05,8984
P0264,C0022,Health,2022-10-04,2023-10-04,11590
P0265,C0711,Vehicle,2022-02-26,2023-02-26,10009
P0266,C0090,Vehicle,2022-07-04,2023-07-04,9938
P0267,C0858,Health,2022-01-25,2023-01-25,19613
P0268,C0178,Vehicle,2022-01-12,2023-01-12,7769
P0269,C0492,Vehicle,2022-12-21,2023-12-21,13580
P0270,C0067,Health,2022-11-14,2023-11-14,18774
P0271,C0344,Health,2022-01-09,2023-01-09,16642
P0272,C0503,Health,2022-09-06,2023-09-06,12611
P0273,C0880,Health,2023-02-21,2024-02-21,16432
P0274,C0876,Vehicle,2023-04-07,2024-04-06,5922
P0275,C0802,Health,2022-01-20,2023-01-20,14156
P0276,C0928,Vehicle,2022-12-17,2023-12-17,11711
P0277,C0053,Vehicle,2023-04-03,2024-04-02,13971
P0278,C0683,Vehicle,2022-01-13,2023-01-13,14016
P0279,C0028,Vehicle,2022-10-13,2023-10-13,13947
P0280,C0804,Health,2023-01-10,2024-01-10,7433
P0281,C0107,Vehicle,2022-09-12,2023-09-12,14104
P0282,C0249,Health,2023-01-14,2024-01-14,14952
P0283,C0192,Health,2022-12-27,2023-12-27,16041
P0284,C0362,Vehicle,2022-08-27,2023-08-27,13717
P0285,C0274,Vehicle,2022-03-06,2023-03-06,6193
P0286,C0956,Vehicle,2023-02-15,2024-02-15,13009
P0287,C0594,Vehicle,2022-12-29,2023-12-29,7838
P0288,C0790,Health,2022-02-28,2023-02-28,8605
P0289,C0742,Vehicle,2022-02-25,2023-02-25,10199
P0290,C0701,Vehicle,2022-01-05,2023-01-05,9089
P0291,C0898,Health,2022-10-26,2023-10-26,11807
P0292,C0835,Health,2023-02-19,2024-02-19,18383
P0293,C0105,Vehicle,2022-08-05,2023-08-05,8134
P0294,C0508,Health,2022-08-05,2023-08-05,16254
P0295,C0425,Vehicle,2023-01-25,2024-01-25,14002
P0296,C0813,Health,2023-02-01,2024-02-01,12147
P0297,C0222,Health,2022-12-05,2023-12-05,9442
P0298,C0746,Health,2022-04-26,2023-04-26,11237
P0299,C0682,Health,2022-01-07,2023-01-07,18235
P0300,C0557,Vehicle,2022-03-20,2023-03-20,10131
P0301,C0086,Vehicle,2022-06-06,2023-06-06,9957
P0302,C0343,Health,2022-09-17,2023-09-17,9484
P0303,C0012,Vehicle,2022-05-22,2023-05-22,11487
P0304,C0928,Vehicle,2022-12-13,2023-12-13,5428
P0305,C0785,Vehicle,2022-12-13,2023-12-13,10577
P0306,C0732,Vehicle,2022-03-27,2023-03-27,12145
P0307,C0326,Health,2023-05-04,2024-05-03,8980
P0308,C0913,Health,2022-06-08,2023-06-08,13409
P0309,C0193,Health,2022-05-11,2023-05-11,10703
P0310,C0711,Vehicle,2022-03-08,2023-03-08,5569
P0311,C0709,Vehicle,2022-04-09,2023-04-09,11222
P0312,C0163,Vehicle,2022-06-19,2023-06-19,11141
P0313,C0983,Vehicle,2022-03-30,2023-03-30,13120
P0314,C0613,Health,2023-04-24,2024-04-23,17664
P0315,C0858,Vehicle,2022-01-01,2023-01-01,7369
P0316,C0128,Health,2023-03-09,2024-03-08,19015
P0317,C0910,Health,2023-02-02,2024-02-02,15335
P0318,C0909,Health,2022-09-13,2023-09-13,19714
P0319,C0315,Vehicle,2022-01-24,2023-01-24,12000
P0320,C0011,Health,2022-10-16,2023-10-16,19840
P0321,C0880,Vehicle,2022-04-16,2023-04-16,9455
P0322,C0122,Health,2022-12-18,2023-12-18,14046
P0323,C0684,Health,2022-09-06,2023-09-06,8867
P0324,C0960,Health,2023-02-05,2024-02-05,13766
P0325,C0936,Health,2022-03-18,2023-03-18,8572
P0326,C0024,Health,2022-07-19,2023-07-19,15100
P0327,C0579,Health,2022-04-12,2023-04-12,12852
P0328,C0825,Vehicle,2022-03-02,2023-03-02,7284
P0329,C0571,Health,2023-04-29,2024-04-28,10492
P0330,C0764,Health,2022-08-04,2023-08-04,19591
P0331,C0061,Vehicle,2022-07-09,2023-07-09,6510
P0332,C0984,Vehicle,2023-03-11,2024-03-10,7179
P0333,C0387,Vehicle,2023-03-14,2024-03-13,11349
P0334,C0413,Vehicle,2022-06-15,2023-06-15,10411
P0335,C0144,Health,2022-05-13,2023-05-13,13746
P0336,C0143,Vehicle,2022-08-21,2023-08-21,10625
P0337,C0434,Vehicle,2022-12-09,2023-12-09,14821
P0338,C0441,Vehicle,2023-03-28,2024-03-27,6558
P0339,C0844,Vehicle,2023-02-09,2024-02-09,14393
P0340,C0406,Vehicle,2023-05-08,2024-05-07,7251
P0341,C0653,Vehicle,2022-01-19,2023-01-19,9246
P0342,C0567,Health,2022-03-22,2023-03-22,11145
P0343,C0369,Health,2022-10-23,2023-10-23,16239
P0344,C0212,Vehicle,2023-03-02,2024-03-01,7730
P0345,C0452,Health,2023-04-02,2024-04-01,7697
P0346,C0924,Health,2022-01-28,2023-01-28,14756
P0347,C0210,Vehicle,2023-02-03,2024-02-03,10379
P0348,C0869,Vehicle,2022-05-28,2023-05-28,10004
P0349,C0033,Health,2022-02-17,2023-02-17,18535
P0350,C0362,Health,2022-02-03,2023-02-03,8772
P0351,C0619,Vehicle,2022-07-20,2023-07-20,6042
P0352,C0573,Vehicle,2023-01-08,2024-01-08,13709
P0353,C0182,Vehicle,2023-01-10,2024-01-10,6791
P0354,C0102,Vehicle,2022-07-12,2023-07-12,11474
P0355,C0240,Health,2023-02-02,2024-02-02,13372
P0356,C0796,Health,2022-06-13,2023-06-13,7259
P0357,C0634,Health,2022-05-04,2023-05-04,15237
P0358,C0032,Vehicle,2022-08-31,2023-08-31,12969
P0359,C0515,Health,2022-07-16,2023-07-16,16229
P0360,C0381,Health,2022-06-25,2023-06-25,19377
P0361,C0132,Health,2023-03-21,2024-03-20,16041
P0362,C0045,Vehicle,2023-02-14,2024-02-14,9208
P0363,C0265,Health,2022-01-29,2023-01-29,8458
P0364,C0254,Health,2023-02-15,2024-02-15,15681
P0365,C0945,Health,2022-06-25,2023-06-25,19388
P0366,C0334,Vehicle,2023-03-29,2024-03-28,5603
P0367,C0438,Health,2022-09-09,2023-09-09,15847
P0368,C0545,Health,2022-03-15,2023-03-15,10785
P0369,C0567,Health,2022-09-08,2023-09-08,15162
P0370,C0347,Health,2023-04-03,2024-04-02,12776
P0371,C0191,Vehicle,2023-04-23,2024-04-22,10156
P0372,C0143,Health,2023-03-27,2024-03-26,10354
P0373,C0521,Vehicle,2022-05-10,2023-05-10,8997
P0374,C0746,Vehicle,2022-11-22,2023-11-22,10947
P0375,C0861,Vehicle,2022-05-17,2023-05-17,9529
P0376,C0281,Health,2022-11-22,2023-11-22,8434
P0377,C0137,Health,2022-01-19,2023-01-19,16228
P0378,C0527,Vehicle,2022-02-18,2023-02-18,10366
P0379,C0624,Vehicle,2022-08-20,2023-08-20,11990
P0380,C0116,Health,2022-03-28,2023-03-28,19987
P0381,C0237,Health,2023-01-09,2024-01-09,12939
P0382,C0483,Vehicle,2022-01-20,2023-01-20,13040
P0383,C0078,Vehicle,2022-08-22,2023-08-22,8658
P0384,C0554,Vehicle,2023-01-08,2024-01-08,9005
P0385,C0887,Health,2023-02-23,2024-02-23,19623
P0386,C0943,Vehicle,2022-02-02,2023-02-02,14355
P0387,C0350,Vehicle,2023-01-18,2024-01-18,10898
P0388,C0533,Health,2023-04-28,2024-04-27,9818
P0389,C0445,Vehicle,2022-07-26,2023-07-26,14014
P0390,C0154,Health,2022-07-29,2023-07-29,9457
P0391,C0739,Health,2022-07-08,2023-07-08,11605
P0392,C0163,Vehicle,2022-07-09,2023-07-09,5436
P0393,C0448,Vehicle,2022-10-03,2023-10-03,11783
P0394,C0126,Vehicle,2022-07-12,2023-07-12,5944
P0395,C0192,Vehicle,2022-02-12,2023-02-12,14116
P0396,C0360,Vehicle,2023-02-22,2024-02-22,12917
P0397,C0232,Health,2022-07-21,2023-07-21,9211
P0398,C0718,Health,2022-03-17,2023-03-17,11493
P0399,C0965,Health,2022-02-15,2023-02-15,14421
P0400,C0322,Vehicle,2022-07-21,2023-07-21,9724
P0401,C0848,Health,2023-03-14,2024-03-13,15284
P0402,C0648,Vehicle,2022-09-10,2023-09-10,7549
P0403,C0428,Health,2023-04-28,2024-04-27,17976
P0404,C0991,Vehicle,2022-08-29,2023-08-29,13506
P0405,C0626,Vehicle,2022-07-08,2023-07-08,6965
P0406,C0290,Health,2022-01-07,2023-01-07,7215
P0407,C0906,Health,2022-06-29,2023-06-29,11393
P0408,C0004,Vehicle,2022-04-05,2023-04-05,10052
P0409,C0461,Health,2022-07-30,2023-07-30,15088
P0410,C0917,Health,2022-11-12,2023-11-12,19878
P0411,C0724,Vehicle,2023-04-24,2024-04-23,6895
P0412,C0563,Vehicle,2022-06-05,2023-06-05,11962
P0413,C0009,Health,2022-12-22,2023-12-22,19030
P0414,C0733,Health,2022-10-04,2023-10-04,13705
P0415,C0762,Vehicle,2022-10-22,2023-10-22,12721
P0416,C0645,Vehicle,2022-02-16,2023-02-16,14349
P0417,C0403,Vehicle,2022-12-28,2023-12-28,10371
P0418,C0781,Vehicle,2022-04-07,2023-04-07,13943
P0419,C0135,Vehicle,2022-07-03,2023-07-03,14492
P0420,C0963,Health,2022-03-24,2023-03-24,18801
P0421,C0487,Vehicle,2022-07-09,2023-07-09,10886
P0422,C0866,Vehicle,2022-03-26,2023-03-26,8231
P0423,C0148,Vehicle,2022-11-27,2023-11-27,5349
P0424,C0378,Vehicle,2022-07-03,2023-07-03,9545
P0425,C0815,Health,2023-04-15,2024-04-14,8070
P0426,C0405,Health,2022-08-13,2023-08-13,13599
P0427,C0825,Vehicle,2022-03-10,2023-03-10,8097
P0428,C0284,Vehicle,2022-07-23,2023-07-23,11770
P0429,C0669,Health,2022-08-19,2023-08-19,12235
P0430,C0550,Health,2022-08-29,2023-08-29,17763
P0431,C0225,Vehicle,2023-05-13,2024-05-12,8794
P0432,C0494,Health,2022-11-01,2023-11-01,19264
P0433,C0310,Vehicle,2022-07-13,2023-07-13,13078
P0434,C0696,Health,2022-05-13,2023-05-13,14291
P0435,C0304,Vehicle,2022-10-12,2023-10-12,11359
P0436,C0036,Vehicle,2022-10-14,2023-10-14,8329
P0437,C0361,Health,2022-02-06,2023-02-06,15098
P0438,C0445,Vehicle,2022-05-01,2023-05-01,8033
P0439,C0066,Health,2022-02-27,2023-02-27,18895
P0440,C0251,Vehicle,2022-05-04,2023-05-04,7889
P0441,C0827,Vehicle,2022-07-19,2023-07-19,5884
P0442,C0072,Health,2022-09-18,2023-09-18,8383
P0443,C0804,Vehicle,2022-12-21,2023-12-21,9003
P0444,C0061,Vehicle,2022-07-02,2023-07-02,6956
P0445,C0791,Vehicle,2022-01-03,2023-01-03,9577
P0446,C0427,Vehicle,2022-03-28,2023-03-28,9749
P0447,C0122,Vehicle,2023-04-15,2024-04-14,14887
P0448,C0001,Health,2023-02-13,2024-02-13,12481
P0449,C0951,Health,2023-04-05,2024-04-04,18640
P0450,C0866,Vehicle,2022-03-26,2023-03-26,8610
P0451,C0469,Vehicle,2022-11-30,2023-11-30,11655
P0452,C0888,Health,2022-05-15,2023-05-15,7749
P0453,C0856,Health,2023-04-16,2024-04-15,11327
P0454,C0150,Vehicle,2022-12-19,2023-12-19,7410
P0455,C0383,Vehicle,2022-12-18,2023-12-18,14506
P0456,C0437,Vehicle,2023-04-03,2024-04-02,5179
P0457,C0580,Vehicle,2022-05-02,2023-05-02,5363
P0458,C0046,Vehicle,2022-02-03,2023-02-03,11254
P0459,C0978,Health,2022-03-13,2023-03-13,18336
P0460,C0425,Health,2022-11-18,2023-11-18,11729
P0461,C0948,Health,2022-10-15,2023-10-15,17021
P0462,C0920,Vehicle,2022-10-15,2023-10-15,12669
P0463,C0609,Health,2022-04-18,2023-04-18,17046
P0464,C0204,Health,2023-01-26,2024-01-26,7474
P0465,C0083,Vehicle,2022-12-24,2023-12-24,7940
P0466,C0786,Vehicle,2022-11-06,2023-11-06,10219
P0467,C0663,Vehicle,2022-01-21,2023-01-21,13489
P0468,C0526,Vehicle,2022-11-30,2023-11-30,6344
P0469,C0572,Health,2023-03-06,2024-03-05,16266
P0470,C0288,Vehicle,2022-09-02,2023-09-02,13829
P0471,C0914,Vehicle,2023-02-04,2024-02-04,10990
P0472,C0648,Health,2023-04-07,2024-04-06,17827
P0473,C0444,Health,2022-02-16,2023-02-16,17170
P0474,C0365,Vehicle,2022-01-16,2023-01-16,12997
P0475,C0811,Health,2022-07-01,2023-07-01,9201
P0476,C0367,Health,2023-04-25,2024-04-24,10603
P0477,C0397,Vehicle,2022-06-20,2023-06-20,6613
P0478,C0638,Health,2023-01-04,2024-01-04,10287
P0479,C0189,Health,2023-01-25,2024-01-25,15420
P0480,C0696,Health,2022-06-03,2023-06-03,18249
P0481,C0922,Vehicle,2022-08-09,2023-08-09,9118
P0482,C0474,Vehicle,2022-05-11,2023-05-11,12552
P0483,C0688,Health,2023-02-20,2024-02-20,19041
P0484,C0521,Vehicle,2022-06-04,2023-06-04,13291
P0485,C0944,Health,2022-01-04,2023-01-04,11787
P0486,C0956,Vehicle,2022-03-27,2023-03-27,7713
P0487,C0116,Vehicle,2022-03-29,2023-03-29,8043
P0488,C0537,Vehicle,2022-09-23,2023-09-23,9399
P0489,C0942,Health,2023-05-02,2024-05-01,13282
P0490,C0299,Health,2022-08-14,2023-08-14,12048
P0491,C0581,Vehicle,2022-10-07,2023-10-07,12532
P0492,C0538,Vehicle,2022-02-10,2023-02-10,10519
P0493,C0049,Vehicle,2023-05-16,2024-05-15,5852
P0494,C0720,Vehicle,2022-02-09,2023-02-09,12334
P0495,C0111,Vehicle,2023-04-09,2024-04-08,9199
P0496,C0244,Health,2022-10-04,2023-10-04,17954
P0497,C0892,Vehicle,2022-11-12,2023-11-12,13202
P0498,C0969,Health,2022-03-20,2023-03-20,10305
P0499,C0182,Vehicle,2022-04-29,2023-04-29,12397
P0500,C0002,Health,2022-07-29,2023-07-29,10197
P0501,C0060,Vehicle,2022-11-04,2023-11-04,13971
P0502,C0918,Vehicle,2023-02-23,2024-02-23,6018
P0503,C0025,Health,2022-07-01,2023-07-01,16736
P0504,C0237,Health,2023-03-22,2024-03-21,11207
P0505,C0731,Vehicle,2022-10-21,2023-10-21,10914
P0506,C0497,Health,2023-01-07,2024-01-07,16172
P0507,C0722,Vehicle,2022-01-08,2023-01-08,6156
P0508,C0087,Health,2022-02-22,2023-02-22,7507
P0509,C0400,Vehicle,2022-02-21,2023-02-21,14523
P0510,C0403,Health,2022-05-25,2023-05-25,9497
P0511,C0761,Vehicle,2022-10-18,2023-10-18,10083
P0512,C0564,Health,2022-04-13,2023-04-13,12701
P0513,C0406,Vehicle,2022-03-15,2023-03-15,8002
P0514,C0547,Health,2022-04-06,2023-04-06,11503
P0515,C0577,Vehicle,2022-02-07,2023-02-07,12494
P0516,C0107,Vehicle,2022-05-27,2023-05-27,14992
P0517,C0051,Health,2023-02-12,2024-02-12,7723
P0518,C0605,Vehicle,2022-07-25,2023-07-25,7593
P0519,C0424,Vehicle,2022-03-15,2023-03-15,14632
P0520,C0829,Health,2022-09-05,2023-09-05,14559
P0521,C0740,Health,2022-09-10,2023-09-10,8347
P0522,C0856,Vehicle,2022-08-14,2023-08-14,9152
P0523,C0210,Health,2022-04-16,2023-04-16,18662
P0524,C0140,Vehicle,2023-02-23,2024-02-23,8365
P0525,C0338,Vehicle,2022-05-23,2023-05-23,8016
P0526,C0911,Vehicle,2022-10-04,2023-10-04,9607
P0527,C0419,Health,2022-04-18,2023-04-18,7537
P0528,C0046,Vehicle,2023-02-17,2024-02-17,13128
P0529,C0993,Vehicle,2022-11-01,2023-11-01,11415
P0530,C0025,Vehicle,2022-08-02,2023-08-02,6109
P0531,C0265,Health,2022-02-27,2023-02-27,9122
P0532,C0334,Health,2022-09-01,2023-09-01,16220
P0533,C0098,Vehicle,2023-05-04,2024-05-03,11839
P0534,C0080,Vehicle,2022-10-18,2023-10-18,10341
P0535,C0216,Health,2023-01-12,2024-01-12,11952
P0536,C0597,Health,2022-03-17,2023-03-17,11361
P0537,C0516,Health,2022-10-25,2023-10-25,10636
P0538,C0718,Health,2022-07-21,2023-07-21,18986
P0539,C0598,Vehicle,2022-02-22,2023-02-22,14608
P0540,C0294,Vehicle,2023-04-17,2024-04-16,13139
P0541,C0198,Health,2023-02-18,2024-02-18,8622
P0542,C0479,Health,2023-03-27,2024-03-26,18300
P0543,C0138,Health,2022-11-09,2023-11-09,9804
P0544,C0569,Vehicle,2023-04-09,2024-04-08,5531
P0545,C0116,Health,2022-04-12,2023-04-12,14325
P0546,C0760,Health,2022-11-12,2023-11-12,19242
P0547,C0338,Vehicle,2022-04-04,2023-04-04,6919
P0548,C0741,Vehicle,2022-11-23,2023-11-23,7130
P0549,C0101,Vehicle,2023-04-07,2024-04-06,12180
P0550,C0893,Health,2022-10-26,2023-10-26,19912
P0551,C0665,Vehicle,2022-03-19,2023-03-19,13266
P0552,C0303,Vehicle,2022-04-21,2023-04-21,9811
P0553,C0347,Health,2022-11-08,2023-11-08,14978
P0554,C0003,Vehicle,2023-04-01,2024-03-31,10773
P0555,C0721,Health,2022-10-01,2023-10-01,7729
P0556,C0645,Vehicle,2022-05-11,2023-05-11,5795
P0557,C0137,Vehicle,2023-03-21,2024-03-20,7460
P0558,C0807,Vehicle,2022-04-15,2023-04-15,10593
P0559,C0916,Vehicle,2022-10-11,2023-10-11,6550
P0560,C0967,Health,2023-05-13,2024-05-12,11233
P0561,C0312,Health,2023-01-22,2024-01-22,10379
P0562,C0240,Health,2023-03-26,2024-03-25,8624
P0563,C0739,Health,2023-04-10,2024-04-09,11664
P0564,C0961,Health,2023-01-02,2024-01-02,12304
P0565,C0527,Vehicle,2023-03-18,2024-03-17,9416
P0566,C0644,Health,2022-11-05,2023-11-05,11195
P0567,C0945,Vehicle,2022-05-28,2023-05-28,12349
P0568,C0983,Health,2022-08-12,2023-08-12,7365
P0569,C0144,Vehicle,2023-04-19,2024-04-18,7564
P0570,C0782,Health,2022-05-12,2023-05-12,19357
P0571,C0224,Vehicle,2022-06-12,2023-06-12,11873
P0572,C0642,Health,2022-09-20,2023-09-20,16938
P0573,C0811,Health,2022-02-07,2023-02-07,9033
P0574,C0728,Vehicle,2022-02-20,2023-02-20,6224
P0575,C0733,Vehicle,2022-04-07,2023-04-07,11546
P0576,C0800,Vehicle,2022-05-30,2023-05-30,7148
P0577,C0128,Vehicle,2023-04-18,2024-04-17,7084
P0578,C0502,Health,2022-04-29,2023-04-29,7615
P0579,C0185,Health,2022-08-11,2023-08-11,10609
P0580,C0702,Health,2022-12-02,2023-12-02,12936
P0581,C0366,Vehicle,2022-03-04,2023-03-04,12334
P0582,C0531,Vehicle,2022-03-19,2023-03-19,6343
P0583,C0628,Health,2023-04-13,2024-04-12,12038
P0584,C0464,Vehicle,2022-05-24,2023-05-24,12073
P0585,C0978,Vehicle,2023-03-01,2024-02-29,10675
P0586,C0050,Health,2023-05-07,2024-05-06,9132
P0587,C0768,Health,2022-06-24,2023-06-24,14059
P0588,C0132,Vehicle,2022-09-27,2023-09-27,9292
P0589,C0377,Vehicle,2022-01-26,2023-01-26,14219
P0590,C0423,Health,2022-10-07,2023-10-07,17165
P0591,C0313,Health,2023-03-01,2024-02-29,18564
P0592,C0038,Health,2022-08-10,2023-08-10,15310
P0593,C0289,Vehicle,2022-11-19,2023-11-19,10115
P0594,C0413,Vehicle,2022-10-21,2023-10-21,13151
P0595,C0498,Vehicle,2023-04-03,2024-04-02,11322
P0596,C0523,Vehicle,2022-08-16,2023-08-16,14344
P0597,C0991,Health,2022-12-24,2023-12-24,16966
P0598,C0541,Vehicle,2022-11-15,2023-11-15,5682
P0599,C0457,Vehicle,2022-05-27,2023-05-27,10363
P0600,C0180,Health,2023-02-23,2024-02-23,18106
P0601,C0142,Health,2023-01-16,2024-01-16,17632
P0602,C0349,Vehicle,2022-03-06,2023-03-06,10913
P0603,C0123,Vehicle,2022-01-08,2023-01-08,13648
P0604,C0567,Vehicle,2022-06-03,2023-06-03,9480
P0605,C0807,Health,2022-06-21,2023-06-21,9698
P0606,C0929,Health,2022-11-11,2023-11-11,15595
P0607,C0084,Vehicle,2022-06-28,2023-06-28,9182
P0608,C0783,Health,2022-09-11,2023-09-11,15166
P0609,C0781,Vehicle,2022-05-03,2023-05-03,10440
P0610,C0268,Vehicle,2023-05-11,2024-05-10,14039
P0611,C0577,Vehicle,2022-11-03,2023-11-03,5966
P0612,C0563,Vehicle,2022-08-02,2023-08-02,12789
P0613,C0867,Health,2023-02-11,2024-02-11,16979
P0614,C0828,Health,2022-10-22,2023-10-22,8861
P0615,C0235,Vehicle,2023-04-21,2024-04-20,12618
P0616,C0249,Vehicle,2022-08-12,2023-08-12,7818
P0617,C0170,Vehicle,2022-08-11,2023-08-11,14599
P0618,C0372,Vehicle,2022-03-23,2023-03-23,5055
P0619,C0597,Health,2022-05-03,2023-05-03,19147
P0620,C0550,Health,2022-09-20,2023-09-20,19569
P0621,C0920,Vehicle,2022-03-15,2023-03-15,11369
P0622,C0365,Vehicle,2022-07-09,2023-07-09,12590
P0623,C0940,Vehicle,2022-05-11,2023-05-11,9839
P0624,C0514,Vehicle,2022-03-30,2023-03-30,5919
P0625,C0866,Vehicle,2023-01-23,2024-01-23,13182
P0626,C0684,Health,2023-03-31,2024-03-30,17986
P0627,C0775,Health,2022-08-02,2023-08-02,10136
P0628,C0115,Health,2023-02-23,2024-02-23,9175
P0629,C0770,Health,2023-01-17,2024-01-17,11433
P0630,C0618,Vehicle,2022-05-24,2023-05-24,9466
P0631,C0151,Vehicle,2023-05-05,2024-05-04,10152
P0632,C0872,Health,2022-06-22,2023-06-22,17532
P0633,C0176,Health,2023-02-23,2024-02-23,9646
P0634,C0615,Vehicle,2023-02-23,2024-02-23,12100
P0635,C0198,Vehicle,2022-05-21,2023-05-21,11144
P0636,C0517,Vehicle,2022-06-09,2023-06-09,5376
P0637,C0237,Health,2023-02-07,2024-02-07,18150
P0638,C0009,Health,2022-08-14,2023-08-14,17686
P0639,C0994,Vehicle,2022-12-29,2023-12-29,6110
P0640,C0877,Health,2023-03-01,2024-02-29,15460
P0641,C0460,Health,2022-02-14,2023-02-14,16906
P0642,C0536,Vehicle,2022-07-20,2023-07-20,9498
P0643,C0499,Vehicle,2023-02-23,2024-02-23,8043
P0644,C0721,Health,2023-05-14,2024-05-13,14747
P0645,C0565,Health,2023-03-30,2024-03-29,10959
P0646,C0385,Vehicle,2022-05-09,2023-05-09,7837
P0647,C0965,Health,2022-08-23,2023-08-23,8251
P0648,C0562,Vehicle,2022-12-06,2023-12-06,9177
P0649,C0944,Health,2022-10-25,2023-10-25,15290
P0650,C0602,Vehicle,2022-08-30,2023-08-30,8986
P0651,C0835,Health,2023-04-09,2024-04-08,12012
P0652,C0910,Vehicle,2022-04-23,2023-04-23,10894
P0653,C0140,Health,2022-01-08,2023-01-08,12173
P0654,C0493,Health,2022-09-07,2023-09-07,7809
P0655,C0070,Health,2022-09-27,2023-09-27,14537
P0656,C0704,Vehicle,2022-04-23,2023-04-23,14904
P0657,C0954,Vehicle,2022-08-05,2023-08-05,14409
P0658,C0528,Vehicle,2022-03-10,2023-03-10,10311
P0659,C0991,Health,2023-04-09,2024-04-08,13069
P0660,C0767,Vehicle,2022-07-19,2023-07-19,13081
P0661,C0144,Vehicle,2022-09-20,2023-09-20,10783
P0662,C0115,Vehicle,2022-12-03,2023-12-03,6159
P0663,C0363,Health,2022-01-09,2023-01-09,18105
P0664,C0062,Health,2023-01-14,2024-01-14,18368
P0665,C0772,Vehicle,2022-04-27,2023-04-27,10411
P0666,C0113,Vehicle,2022-07-26,2023-07-26,7775
P0667,C0678,Health,2022-07-08,2023-07-08,12083
P0668,C0060,Health,2023-03-27,2024-03-26,11212
P0669,C0136,Vehicle,2022-05-02,2023-05-02,8499
P0670,C0995,Vehicle,2022-08-28,2023-08-28,5016
P0671,C0690,Vehicle,2023-01-21,2024-01-21,11881
P0672,C0556,Health,2022-09-08,2023-09-08,16534
P0673,C0113,Vehicle,2022-02-19,2023-02-19,12318
P0674,C0432,Vehicle,2022-12-07,2023-12-07,13320
P0675,C0429,Vehicle,2022-11-03,2023-11-03,9638
P0676,C0569,Health,2022-10-31,2023-10-31,16418
P0677,C0220,Vehicle,2022-08-20,2023-08-20,12656
P0678,C0353,Health,2022-10-08,2023-10-08,11189
P0679,C0953,Vehicle,2022-05-21,2023-05-21,6142
P0680,C0064,Health,2022-09-25,2023-09-25,16584
P0681,C0549,Health,2022-01-18,2023-01-18,11685
P0682,C0083,Health,2023-02-18,2024-02-18,19960
P0683,C0060,Vehicle,2023-04-16,2024-04-15,12059
P0684,C0828,Health,2023-05-11,2024-05-10,9729
P0685,C0166,Health,2022-11-02,2023-11-02,7203
P0686,C0624,Vehicle,2022-01-15,2023-01-15,6616
P0687,C0846,Health,2022-11-13,2023-11-13,14980
P0688,C0034,Vehicle,2022-10-22,2023-10-22,14305
P0689,C0085,Vehicle,2022-04-16,2023-04-16,12813
P0690,C0180,Vehicle,2022-05-10,2023-05-10,6264
P0691,C0055,Health,2022-10-09,2023-10-09,16508
P0692,C0445,Vehicle,2023-02-01,2024-02-01,12992
P0693,C0246,Vehicle,2022-10-12,2023-10-12,12408
P0694,C0778,Health,2023-04-14,2024-04-13,10240
P0695,C0017,Health,2022-10-30,2023-10-30,14051
P0696,C0212,Vehicle,2023-04-28,2024-04-27,14746
P0697,C0855,Vehicle,2022-10-19,2023-10-19,10251
P0698,C0522,Health,2023-01-11,2024-01-11,10585
P0699,C0070,Vehicle,2022-04-20,2023-04-20,11583
P0700,C0574,Vehicle,2022-03-21,2023-03-21,12587
P0701,C0120,Vehicle,2022-10-08,2023-10-08,6160
P0702,C0419,Health,2022-06-08,2023-06-08,10396
P0703,C0275,Health,2023-03-31,2024-03-30,18187
P0704,C0383,Vehicle,2022-07-29,2023-07-29,12837
P0705,C0659,Vehicle,2022-04-09,2023-04-09,8641
P0706,C0992,Vehicle,2022-08-11,2023-08-11,12301
P0707,C0288,Vehicle,2023-03-15,2024-03-14,10162
P0708,C0077,Vehicle,2022-06-13,2023-06-13,6537
P0709,C0940,Health,2023-02-06,2024-02-06,7784
P0710,C0210,Health,2022-04-21,2023-04-21,7264
P0711,C0126,Health,2022-05-06,2023-05-06,15283
P0712,C0837,Vehicle,2023-03-10,2024-03-09,9043
P0713,C0195,Vehicle,2022-07-02,2023-07-02,9256
P0714,C0352,Vehicle,2022-05-19,2023-05-19,9761
P0715,C0784,Health,2022-04-10,2023-04-10,13558
P0716,C0684,Vehicle,2023-01-17,2024-01-17,7922
P0717,C0989,Vehicle,2022-06-08,2023-06-08,10342
P0718,C0565,Health,2022-06-09,2023-06-09,7322
P0719,C0210,Health,2022-02-17,2023-02-17,11391
P0720,C0639,Health,2022-07-14,2023-07-14,18458
P0721,C0200,Vehicle,2023-02-27,2024-02-27,12547
P0722,C0310,Vehicle,2022-01-22,2023-01-22,9038
P0723,C0252,Vehicle,2022-12-28,2023-12-28,7804
P0724,C0987,Vehicle,2023-03-12,2024-03-11,14679
P0725,C0330,Vehicle,2022-06-25,2023-06-25,8579
P0726,C0152,Health,2022-01-18,2023-01-18,12544
P0727,C0483,Health,2022-10-07,2023-10-07,13775
P0728,C0180,Vehicle,2022-07-05,2023-07-05,12405
P0729,C0838,Health,2023-04-14,2024-04-13,14068
P0730,C0163,Health,2022-05-07,2023-05-07,11593
P0731,C0248,Health,2023-02-28,2024-02-28,9944
P0732,C0422,Health,2022-02-24,2023-02-24,7791
P0733,C0659,Health,2023-02-14,2024-02-14,7218
P0734,C0015,Health,2022-06-12,2023-06-12,8924
P0735,C0303,Health,2022-09-11,2023-09-11,15819
P0736,C0603,Health,2022-07-03,2023-07-03,9823
P0737,C0163,Health,2023-03-12,2024-03-11,12154
P0738,C0931,Health,2023-01-29,2024-01-29,9959
P0739,C0465,Vehicle,2023-01-11,2024-01-11,13558
P0740,C0767,Health,2023-01-05,2024-01-05,16908
P0741,C0634,Vehicle,2022-01-18,2023-01-18,11667
P0742,C0747,Vehicle,2022-03-08,2023-03-08,6362
P0743,C0087,Health,2022-10-16,2023-10-16,14595
P0744,C0679,Vehicle,2023-02-28,2024-02-28,6553
P0745,C0719,Vehicle,2022-02-19,2023-02-19,8643
P0746,C0366,Vehicle,2022-03-05,2023-03-05,7738
P0747,C0031,Vehicle,2023-01-28,2024-01-28,14205
P0748,C0568,Health,2022-10-07,2023-10-07,14080
P0749,C0229,Vehicle,2023-04-16,2024-04-15,6689
P0750,C0345,Vehicle,2022-02-10,2023-02-10,5647
P0751,C0031,Vehicle,2022-01-05,2023-01-05,14675
P0752,C0292,Vehicle,2022-06-04,2023-06-04,10093
P0753,C0974,Health,2022-03-11,2023-03-11,18406
P0754,C0389,Health,2022-04-25,2023-04-25,15618
P0755,C0660,Health,2022-12-30,2023-12-30,16608
P0756,C0865,Vehicle,2023-01-05,2024-01-05,14513
P0757,C0153,Health,2022-08-23,2023-08-23,16516
P0758,C0180,Vehicle,2022-08-12,2023-08-12,8717
P0759,C0503,Vehicle,2023-02-02,2024-02-02,5554
P0760,C0515,Health,2022-03-19,2023-03-19,13993
P0761,C0487,Vehicle,2022-06-03,2023-06-03,13910
P0762,C0391,Vehicle,2022-09-26,2023-09-26,10867
P0763,C0185,Health,2022-10-11,2023-10-11,15498
P0764,C0211,Health,2022-04-02,2023-04-02,14973
P0765,C0148,Vehicle,2022-03-29,2023-03-29,5646
P0766,C0116,Health,2022-01-18,2023-01-18,12588
P0767,C0180,Health,2022-06-30,2023-06-30,11323
P0768,C0899,Health,2022-12-10,2023-12-10,11238
P0769,C0309,Health,2022-07-19,2023-07-19,18229
P0770,C0398,Health,2022-10-10,2023-10-10,18193
P0771,C0008,Vehicle,2022-11-14,2023-11-14,8575
P0772,C0656,Vehicle,2022-06-22,2023-06-22,8891
P0773,C0145,Health,2023-02-16,2024-02-16,10011
P0774,C0303,Health,2022-07-05,2023-07-05,12792
P0775,C0521,Vehicle,2022-08-22,2023-08-22,10991
P0776,C0785,Health,2022-05-19,2023-05-19,17310
P0777,C0355,Health,2022-11-30,2023-11-30,15578
P0778,C0464,Vehicle,2022-05-05,2023-05-05,10693
P0779,C0925,Vehicle,2022-12-06,2023-12-06,7987
P0780,C0377,Vehicle,2022-08-14,2023-08-14,5224
P0781,C0545,Vehicle,2022-06-22,2023-06-22,9512
P0782,C0496,Health,2022-01-22,2023-01-22,9335
P0783,C0405,Health,2022-07-14,2023-07-14,11545
P0784,C0329,Vehicle,2023-01-28,2024-01-28,7417
P0785,C0718,Vehicle,2023-01-11,2024-01-11,7205
P0786,C0480,Health,2022-05-19,2023-05-19,8525
P0787,C0906,Health,2022-08-15,2023-08-15,11643
P0788,C0011,Health,2022-01-05,2023-01-05,13944
P0789,C0862,Health,2023-04-16,2024-04-15,16162
P0790,C0540,Health,2022-11-03,2023-11-03,12907
P0791,C0846,Health,2022-04-25,2023-04-25,15010
P0792,C0565,Health,2022-01-30,2023-01-30,13655
P0793,C0686,Health,2022-12-29,2023-12-29,15170
P0794,C0235,Health,2022-06-23,2023-06-23,9940
P0795,C0735,Health,2023-03-19,2024-03-18,11818
P0796,C0942,Vehicle,2022-08-05,2023-08-05,11561
P0797,C0736,Health,2022-04-23,2023-04-23,19069
P0798,C0345,Health,2022-09-05,2023-09-05,8787
P0799,C0032,Health,2022-07-05,2023-07-05,16031
P0800,C0885,Health,2022-12-09,2023-12-09,15123
P0801,C0422,Health,2022-07-18,2023-07-18,15039
P0802,C0895,Vehicle,2022-05-05,2023-05-05,13976
P0803,C0929,Health,2022-12-02,2023-12-02,17708
P0804,C0681,Vehicle,2022-07-21,2023-07-21,7888
P0805,C0881,Health,2022-08-05,2023-08-05,7288
P0806,C0160,Vehicle,2023-01-17,2024-01-17,12113
P0807,C0299,Vehicle,2022-10-18,2023-10-18,13822
P0808,C0171,Vehicle,2022-12-03,2023-12-03,5503
P0809,C0170,Health,2022-05-17,2023-05-17,13694
P0810,C0686,Vehicle,2022-03-12,2023-03-12,10271
P0811,C0438,Health,2022-09-13,2023-09-13,11279
P0812,C0695,Vehicle,2022-02-01,2023-02-01,6437
P0813,C0295,Vehicle,2022-10-17,2023-10-17,7138
P0814,C0969,Health,2023-05-08,2024-05-07,12517
P0815,C0879,Vehicle,2022-05-06,2023-05-06,6303
P0816,C0283,Vehicle,2022-02-08,2023-02-08,11021
P0817,C0315,Health,2022-03-24,2023-03-24,13037
P0818,C0074,Health,2023-01-12,2024-01-12,9658
P0819,C0175,Vehicle,2022-02-20,2023-02-20,9630
P0820,C0295,Vehicle,2022-07-02,2023-07-02,5851
P0821,C0678,Health,2023-04-20,2024-04-19,9576
P0822,C0942,Health,2022-03-29,2023-03-29,19051
P0823,C0786,Health,2022-10-08,2023-10-08,11156
P0824,C0132,Health,2022-06-08,2023-06-08,8692
P0825,C0508,Vehicle,2022-12-12,2023-12-12,12155
P0826,C0190,Health,2022-06-17,2023-06-17,14808
P0827,C0280,Health,2023-01-10,2024-01-10,17922
P0828,C0821,Vehicle,2022-05-08,2023-05-08,12828
P0829,C0146,Health,2022-08-31,2023-08-31,16132
P0830,C0144,Vehicle,2022-09-22,2023-09-22,11767
P0831,C0983,Vehicle,2022-04-21,2023-04-21,9557
P0832,C0462,Health,2022-11-24,2023-11-24,12258
P0833,C0203,Vehicle,2022-05-23,2023-05-23,10764
P0834,C0637,Vehicle,2022-02-14,2023-02-14,8661
P0835,C0385,Health,2022-03-11,2023-03-11,13345
P0836,C0340,Vehicle,2022-04-21,2023-04-21,5547
P0837,C0939,Health,2022-12-23,2023-12-23,14737
P0838,C0549,Vehicle,2023-01-10,2024-01-10,14780
P0839,C0832,Health,2023-01-28,2024-01-28,9335
P0840,C0820,Health,2022-02-24,2023-02-24,18900
P0841,C0840,Vehicle,2023-03-20,2024-03-19,5422
P0842,C0979,Health,2023-01-08,2024-01-08,18371
P0843,C0539,Vehicle,2022-06-29,2023-06-29,14461
P0844,C0063,Health,2022-12-17,2023-12-17,8229
P0845,C0634,Vehicle,2022-02-11,2023-02-11,5881
P0846,C0423,Health,2022-07-23,2023-07-23,10774
P0847,C0833,Health,2022-05-16,2023-05-16,16737
P0848,C0534,Vehicle,2022-05-16,2023-05-16,12048
P0849,C0729,Health,2023-01-17,2024-01-17,12356
P0850,C0124,Vehicle,2022-11-04,2023-11-04,5942
P0851,C0714,Health,2022-11-04,2023-11-04,18894
P0852,C0937,Vehicle,2022-10-04,2023-10-04,5514
P0853,C0455,Health,2022-05-01,2023-05-01,16511
P0854,C0256,Vehicle,2022-04-17,2023-04-17,13952
P0855,C0402,Vehicle,2022-07-01,2023-07-01,9125
P0856,C0933,Health,2022-05-19,2023-05-19,19823
P0857,C0240,Vehicle,2022-03-05,2023-03-05,10971
P0858,C0342,Health,2023-03-10,2024-03-09,15840
P0859,C0597,Health,2022-06-03,2023-06-03,15233
P0860,C0427,Health,2022-05-09,2023-05-09,18620
P0861,C0637,Vehicle,2022-12-09,2023-12-09,11126
P0862,C0602,Vehicle,2023-04-30,2024-04-29,10574
P0863,C0288,Vehicle,2022-09-08,2023-09-08,14798
P0864,C0076,Vehicle,2023-03-18,2024-03-17,12046
P0865,C0144,Health,2022-12-03,2023-12-03,9801
P0866,C0236,Vehicle,2022-11-14,2023-11-14,13406
P0867,C0770,Health,2022-12-12,2023-12-12,13117
P0868,C0045,Vehicle,2023-02-23,2024-02-23,13585
P0869,C0709,Health,2023-02-09,2024-02-09,13874
P0870,C0907,Health,2022-03-04,2023-03-04,15607
P0871,C0458,Vehicle,2022-12-29,2023-12-29,6970
P0872,C0555,Health,2022-12-18,2023-12-18,15223
P0873,C0227,Vehicle,2022-06-30,2023-06-30,10248
P0874,C0434,Health,2022-04-16,2023-04-16,9651
P0875,C0116,Vehicle,2022-12-06,2023-12-06,7734
P0876,C0385,Health,2023-02-18,2024-02-18,17069
P0877,C0411,Vehicle,2022-06-18,2023-06-18,5564
P0878,C0712,Health,2022-03-08,2023-03-08,9836
P0879,C0002,Vehicle,2022-10-10,2023-10-10,14088
P0880,C0511,Vehicle,2022-11-27,2023-11-27,14413
P0881,C0877,Health,2022-09-18,2023-09-18,8685
P0882,C0188,Health,2022-09-05,2023-09-05,17319
P0883,C0584,Health,2022-12-04,2023-12-04,18999
P0884,C0838,Health,2022-03-04,2023-03-04,13759
P0885,C0262,Vehicle,2022-09-27,2023-09-27,9006
P0886,C0863,Health,2022-05-02,2023-05-02,15449
P0887,C0480,Health,2023-02-24,2024-02-24,15055
P0888,C0107,Vehicle,2023-04-25,2024-04-24,5596
P0889,C0876,Health,2022-05-01,2023-05-01,11294
P0890,C0321,Health,2023-02-06,2024-02-06,10546
P0891,C0559,Vehicle,2022-08-13,2023-08-13,13272
P0892,C0102,Health,2022-07-16,2023-07-16,18020
P0893,C0942,Vehicle,2022-12-08,2023-12-08,11440
P0894,C0606,Vehicle,2023-04-01,2024-03-31,11268
P0895,C0890,Vehicle,2023-05-15,2024-05-14,13014
P0896,C0363,Vehicle,2022-05-28,2023-05-28,12776
P0897,C0569,Vehicle,2023-04-02,2024-04-01,9023
P0898,C0599,Health,2022-09-15,2023-09-15,17505
P0899,C0932,Health,2022-12-14,2023-12-14,15405
P0900,C0072,Vehicle,2023-04-16,2024-04-15,10894
P0901,C0956,Health,2023-04-23,2024-04-22,7557
P0902,C0686,Vehicle,2023-05-08,2024-05-07,13027
P0903,C0877,Vehicle,2022-07-11,2023-07-11,9727
P0904,C0544,Vehicle,2023-04-03,2024-04-02,10696
P0905,C0368,Health,2023-03-07,2024-03-06,10892
P0906,C0498,Vehicle,2023-01-20,2024-01-20,10258
P0907,C0547,Health,2022-08-19,2023-08-19,13815
P0908,C0233,Vehicle,2022-12-26,2023-12-26,5839
P0909,C0509,Health,2022-07-23,2023-07-23,8184
P0910,C0940,Health,2022-10-16,2023-10-16,7776
P0911,C0724,Vehicle,2022-09-22,2023-09-22,13520
P0912,C0003,Health,2022-08-12,2023-08-12,11616
P0913,C0588,Health,2023-03-10,2024-03-09,12286
P0914,C0172,Vehicle,2022-01-19,2023-01-19,11562
P0915,C0331,Vehicle,2022-05-21,2023-05-21,5557
P0916,C0404,Health,2022-03-18,2023-03-18,14953
P0917,C0619,Vehicle,2023-01-09,2024-01-09,14944
P0918,C0226,Health,2022-12-13,2023-12-13,18527
P0919,C0527,Health,2022-08-01,2023-08-01,17755
P0920,C0546,Health,2022-02-20,2023-02-20,17106
P0921,C0402,Vehicle,2022-04-22,2023-04-22,12217
P0922,C0598,Health,2022-08-06,2023-08-06,17261
P0923,C0311,Health,2022-11-30,2023-11-30,11993
P0924,C0605,Health,2022-04-24,2023-04-24,18474
P0925,C0897,Vehicle,2022-03-09,2023-03-09,10544
P0926,C0886,Vehicle,2022-12-13,2023-12-13,11823
P0927,C0111,Health,2023-04-07,2024-04-06,19027
P0928,C0813,Vehicle,2023-04-29,2024-04-28,9770
P0929,C0276,Vehicle,2022-12-24,2023-12-24,10019
P0930,C0208,Health,2023-01-24,2024-01-24,11567
P0931,C0153,Vehicle,2022-05-24,2023-05-24,8000
P0932,C0791,Vehicle,2022-02-12,2023-02-12,12364
P0933,C0318,Vehicle,2022-01-19,2023-01-19,13555
P0934,C0290,Health,2022-05-14,2023-05-14,15681
P0935,C0185,Vehicle,2022-04-01,2023-04-01,14033
P0936,C0358,Vehicle,2022-08-30,2023-08-30,7387
P0937,C0980,Vehicle,2022-12-14,2023-12-14,5719
P0938,C0222,Vehicle,2022-12-26,2023-12-26,12462
P0939,C0085,Vehicle,2022-06-06,2023-06-06,5311
P0940,C0604,Vehicle,2022-11-01,2023-11-01,12543
P0941,C0908,Vehicle,2022-04-05,2023-04-05,6262
P0942,C0504,Health,2023-04-08,2024-04-07,10886
P0943,C0323,Health,2022-01-10,2023-01-10,8065
P0944,C0261,Health,2022-06-26,2023-06-26,13668
P0945,C0763,Vehicle,2022-05-08,2023-05-08,9048
P0946,C0071,Vehicle,2022-06-03,2023-06-03,13967
P0947,C0858,Health,2022-02-20,2023-02-20,16249
P0948,C0058,Health,2022-01-29,2023-01-29,10380
P0949,C0108,Health,2022-05-31,2023-05-31,18993
P0950,C0066,Health,2022-09-28,2023-09-28,12967
P0951,C0457,Vehicle,2022-04-21,2023-04-21,5409
P0952,C0759,Health,2022-03-16,2023-03-16,18000
P0953,C0098,Health,2022-04-15,2023-04-15,19822
P0954,C0920,Health,2023-01-31,2024-01-31,11812
P0955,C0867,Health,2022-01-07,2023-01-07,9849
P0956,C0052,Health,2022-10-17,2023-10-17,18652
P0957,C0322,Vehicle,2022-12-24,2023-12-24,11169
P0958,C0215,Health,2022-05-03,2023-05-03,18823
P0959,C0178,Health,2022-12-31,2023-12-31,14198
P0960,C0774,Vehicle,2022-01-20,2023-01-20,11025
P0961,C0393,Vehicle,2022-10-11,2023-10-11,13264
P0962,C0334,Health,2022-04-02,2023-04-02,19353
P0963,C0140,Health,2022-01-30,2023-01-30,19362
P0964,C0804,Vehicle,2022-02-04,2023-02-04,8401
P0965,C0808,Vehicle,2022-07-05,2023-07-05,11363
P0966,C0429,Health,2022-06-27,2023-06-27,11641
P0967,C0116,Health,2022-11-12,2023-11-12,16522
P0968,C0322,Vehicle,2023-05-07,2024-05-06,8414
P0969,C0263,Health,2022-06-01,2023-06-01,16507
P0970,C0553,Health,2023-03-25,2024-03-24,13258
P0971,C0926,Vehicle,2023-04-17,2024-04-16,11235
P0972,C0720,Vehicle,2022-02-24,2023-02-24,5002
P0973,C0804,Vehicle,2022-12-27,2023-12-27,10543
P0974,C0130,Health,2023-04-23,2024-04-22,16892
P0975,C0543,Vehicle,2022-08-21,2023-08-21,12275
P0976,C0008,Vehicle,2022-01-15,2023-01-15,8566
P0977,C0312,Health,2022-03-30,2023-03-30,7200
P0978,C0524,Vehicle,2022-12-14,2023-12-14,12804
P0979,C0319,Health,2022-01-26,2023-01-26,19299
P0980,C0894,Vehicle,2023-05-08,2024-05-07,10768
P0981,C0684,Health,2022-09-02,2023-09-02,16934
P0982,C0813,Health,2022-07-01,2023-07-01,8126
P0983,C0318,Vehicle,2022-09-12,2023-09-12,12410
P0984,C0815,Vehicle,2022-01-28,2023-01-28,6175
P0985,C0921,Vehicle,2022-01-14,2023-01-14,7132
P0986,C0123,Vehicle,2023-03-19,2024-03-18,5395
P0987,C0533,Health,2022-03-29,2023-03-29,13828
P0988,C0668,Health,2023-01-30,2024-01-30,18001
P0989,C0504,Vehicle,2022-07-11,2023-07-11,13796
P0990,C0485,Health,2022-10-30,2023-10-30,7719
P0991,C0646,Vehicle,2023-02-05,2024-02-05,14924
P0992,C0232,Vehicle,2022-01-12,2023-01-12,13911
P0993,C0665,Health,2022-08-16,2023-08-16,12520
P0994,C0364,Health,2022-10-23,2023-10-23,13181
P0995,C0719,Vehicle,2022-12-27,2023-12-27,12542
P0996,C0491,Vehicle,2023-02-16,2024-02-16,11313
P0997,C0758,Vehicle,2022-12-16,2023-12-16,7873
P0998,C0438,Health,2022-05-25,2023-05-25,15989
P0999,C0604,Vehicle,2023-03-07,2024-03-06,6189
P1000,C0817,Health,2022-03-26,2023-03-26,15072
P1001,C0018,Health,2023-02-27,2024-02-27,15474
P1002,C0351,Health,2022-03-31,2023-03-31,9866
P1003,C0274,Health,2023-01-09,2024-01-09,11990
P1004,C0411,Vehicle,2022-08-17,2023-08-17,5038
P1005,C0193,Vehicle,2023-01-17,2024-01-17,13038
P1006,C0454,Health,2022-03-05,2023-03-05,17537
P1007,C0340,Health,2022-10-03,2023-10-03,15093
P1008,C0715,Health,2022-12-16,2023-12-16,17412
P1009,C0616,Vehicle,2022-07-11,2023-07-11,9166
P1010,C0175,Vehicle,2022-03-18,2023-03-18,14747
P1011,C0734,Health,2022-10-29,2023-10-29,14495
P1012,C0390,Health,2022-01-31,2023-01-31,14330
P1013,C0927,Vehicle,2022-11-24,2023-11-24,7346
P1014,C0112,Vehicle,2023-01-03,2024-01-03,9070
P1015,C0123,Vehicle,2022-05-24,2023-05-24,13755
P1016,C0948,Vehicle,2023-01-28,2024-01-28,9284
P1017,C0471,Health,2023-02-03,2024-02-03,9340
P1018,C0703,Health,2022-01-05,2023-01-05,11791
P1019,C0933,Health,2023-03-31,2024-03-30,19772
P1020,C0736,Vehicle,2023-04-24,2024-04-23,14363
P1021,C0972,Health,2022-07-28,2023-07-28,7636
P1022,C0172,Vehicle,2022-12-28,2023-12-28,12647
P1023,C0637,Vehicle,2022-07-01,2023-07-01,7697
P1024,C0642,Health,2022-11-28,2023-11-28,8223
P1025,C0791,Health,2022-01-20,2023-01-20,19635
P1026,C0951,Health,2023-03-01,2024-02-29,7158
P1027,C0937,Vehicle,2022-09-08,2023-09-08,9248
P1028,C0977,Vehicle,2022-03-12,2023-03-12,12066
P1029,C0730,Vehicle,2022-07-03,2023-07-03,7923
P1030,C0012,Health,2023-05-16,2024-05-15,15331
P1031,C0885,Vehicle,2023-01-11,2024-01-11,5159
P1032,C0150,Health,2022-01-13,2023-01-13,11031
P1033,C0363,Vehicle,2022-10-26,2023-10-26,14664
P1034,C0507,Health,2022-05-30,2023-05-30,8121
P1035,C0613,Health,2022-07-23,2023-07-23,7978
P1036,C0306,Health,2022-07-15,2023-07-15,13758
P1037,C0389,Health,2022-03-15,2023-03-15,17870
P1038,C0653,Health,2022-07-15,2023-07-15,8505
P1039,C0455,Health,2022-01-28,2023-01-28,9678
P1040,C0637,Health,2022-10-03,2023-10-03,7265
P1041,C0021,Vehicle,2022-10-24,2023-10-24,6654
P1042,C0654,Health,2022-06-13,2023-06-13,19648
P1043,C0574,Health,2022-05-26,2023-05-26,16494
P1044,C0593,Health,2022-07-19,2023-07-19,13910
P1045,C0112,Health,2022-04-21,2023-04-21,15770
P1046,C0452,Health,2022-06-17,2023-06-17,17368
P1047,C0362,Vehicle,2022-12-17,2023-12-17,12200
P1048,C0960,Health,2023-01-30,2024-01-30,12212
P1049,C0398,Health,2022-03-26,2023-03-26,14979
P1050,C0821,Health,2022-03-04,2023-03-04,10200
P1051,C0260,Vehicle,2022-01-17,2023-01-17,12565
P1052,C0889,Vehicle,2022-07-04,2023-07-04,6812
P1053,C0427,Vehicle,2022-09-22,2023-09-22,13086
P1054,C0887,Vehicle,2022-11-08,2023-11-08,6920
P1055,C0232,Health,2023-05-14,2024-05-13,18634
P1056,C0758,Vehicle,2022-01-26,2023-01-26,7050
P1057,C0780,Health,2023-03-06,2024-03-05,9461
P1058,C0939,Vehicle,2023-04-10,2024-04-09,12701
P1059,C0243,Health,2022-10-14,2023-10-14,18985
P1060,C0378,Health,2022-07-20,2023-07-20,19560
P1061,C0568,Vehicle,2022-08-22,2023-08-22,5103
P1062,C0562,Health,2023-02-14,2024-02-14,12684
P1063,C0094,Vehicle,2022-07-21,2023-07-21,5103
P1064,C0081,Health,2022-12-04,2023-12-04,17839
P1065,C0485,Health,2022-06-27,2023-06-27,13180
P1066,C0258,Health,2022-02-25,2023-02-25,9913
P1067,C0806,Vehicle,2023-02-07,2024-02-07,14649
P1068,C0510,Health,2022-08-23,2023-08-23,8421
P1069,C0952,Health,2022-10-25,2023-10-25,9134
P1070,C0961,Vehicle,2022-10-02,2023-10-02,8017
P1071,C0861,Vehicle,2022-02-27,2023-02-27,13839
P1072,C0276,Vehicle,2023-04-24,2024-04-23,13929
P1073,C0266,Vehicle,2022-08-19,2023-08-19,7571
P1074,C0049,Vehicle,2023-03-15,2024-03-14,13663
P1075,C0600,Vehicle,2022-08-09,2023-08-09,13639
P1076,C0791,Health,2022-09-24,2023-09-24,19440
P1077,C0173,Vehicle,2022-04-17,2023-04-17,7479
P1078,C0031,Health,2022-03-22,2023-03-22,8228
P1079,C0615,Health,2023-04-09,2024-04-08,16565
P1080,C0580,Health,2022-06-23,2023-06-23,16886
P1081,C0871,Health,2022-02-25,2023-02-25,8425
P1082,C0847,Health,2022-10-26,2023-10-26,18267
P1083,C0726,Vehicle,2022-11-20,2023-11-20,12433
P1084,C0953,Vehicle,2022-09-24,2023-09-24,12848
P1085,C0276,Vehicle,2022-03-29,2023-03-29,14204
P1086,C0192,Vehicle,2022-12-25,2023-12-25,9477
P1087,C0726,Health,2022-03-24,2023-03-24,15323
P1088,C0144,Vehicle,2022-05-22,2023-05-22,10672
P1089,C0456,Vehicle,2022-08-04,2023-08-04,9989
P1090,C0228,Health,2022-07-19,2023-07-19,10198
P1091,C0347,Vehicle,2022-10-26,2023-10-26,6371
P1092,C0068,Vehicle,2023-02-04,2024-02-04,7810
P1093,C0048,Vehicle,2023-02-09,2024-02-09,5392
P1094,C0274,Health,2023-02-24,2024-02-24,12526
P1095,C0160,Health,2023-02-10,2024-02-10,15942
P1096,C0741,Vehicle,2022-12-07,2023-12-07,10529
P1097,C0752,Vehicle,2022-08-14,2023-08-14,11001
P1098,C0190,Vehicle,2022-06-12,2023-06-12,14547
P1099,C0932,Health,2023-02-21,2024-02-21,17358
P1100,C0915,Health,2022-07-11,2023-07-11,15805
P1101,C0555,Vehicle,2023-04-20,2024-04-19,8058
P1102,C0289,Vehicle,2022-09-06,2023-09-06,13449
P1103,C0439,Health,2022-11-07,2023-11-07,14164
P1104,C0789,Vehicle,2022-05-19,2023-05-19,9291
P1105,C0544,Vehicle,2022-02-25,2023-02-25,7756
P1106,C0069,Health,2022-03-31,2023-03-31,17059
P1107,C0478,Health,2022-11-26,2023-11-26,15654
P1108,C0856,Vehicle,2022-11-13,2023-11-13,8382
P1109,C0021,Health,2022-10-13,2023-10-13,13926
P1110,C0028,Vehicle,2022-01-07,2023-01-07,13885
P1111,C0264,Health,2023-02-20,2024-02-20,14257
P1112,C0526,Vehicle,2023-01-23,2024-01-23,8001
P1113,C0874,Health,2022-10-16,2023-10-16,16810
P1114,C0537,Health,2022-08-04,2023-08-04,15322
P1115,C0521,Health,2022-03-12,2023-03-12,12836
P1116,C0189,Health,2022-04-04,2023-04-04,19821
P1117,C0410,Health,2022-10-31,2023-10-31,8318
P1118,C0382,Health,2023-04-05,2024-04-04,17486
P1119,C0443,Vehicle,2023-03-13,2024-03-12,11478
P1120,C0392,Vehicle,2022-03-06,2023-03-06,14586
P1121,C0644,Vehicle,2022-05-20,2023-05-20,9474
P1122,C0315,Vehicle,2022-01-09,2023-01-09,5985
P1123,C0434,Health,2022-08-05,2023-08-05,8328
P1124,C0927,Health,2022-04-28,2023-04-28,14233
P1125,C0081,Health,2023-02-01,2024-02-01,15907
P1126,C0134,Health,2023-03-01,2024-02-29,14049
P1127,C0358,Vehicle,2022-09-02,2023-09-02,6929
P1128,C0764,Vehicle,2023-01-28,2024-01-28,11619
P1129,C0771,Health,2022-08-13,2023-08-13,11295
P1130,C0163,Health,2023-03-30,2024-03-29,18151
P1131,C0455,Vehicle,2022-12-28,2023-12-28,8112
P1132,C0788,Vehicle,2023-01-22,2024-01-22,5434
P1133,C0483,Vehicle,2023-02-10,2024-02-10,13127
P1134,C0363,Vehicle,2022-12-18,2023-12-18,9540
P1135,C0483,Vehicle,2022-12-23,2023-12-23,10163
P1136,C0544,Health,2022-06-04,2023-06-04,15815
P1137,C0117,Health,2022-04-26,2023-04-26,11776
P1138,C0346,Vehicle,2022-02-01,2023-02-01,6334
P1139,C0555,Vehicle,2023-04-25,2024-04-24,7605
P1140,C0006,Vehicle,2022-07-18,2023-07-18,10319
P1141,C0652,Vehicle,2022-06-02,2023-06-02,11177
P1142,C0352,Health,2022-10-14,2023-10-14,7263
P1143,C0860,Vehicle,2022-07-13,2023-07-13,14508
P1144,C0289,Vehicle,2022-05-22,2023-05-22,11820
P1145,C0922,Health,2022-11-24,2023-11-24,11116
P1146,C0257,Vehicle,2022-10-14,2023-10-14,9290
P1147,C0269,Health,2022-09-06,2023-09-06,10039
P1148,C0911,Vehicle,2022-03-02,2023-03-02,10865
P1149,C0627,Vehicle,2022-12-31,2023-12-31,12403
P1150,C0963,Health,2022-12-03,2023-12-03,10899
P1151,C0743,Vehicle,2022-08-16,2023-08-16,10347
P1152,C0055,Vehicle,2022-02-21,2023-02-21,9183
P1153,C0171,Health,2022-04-18,2023-04-18,9961
P1154,C0646,Vehicle,2022-03-19,2023-03-19,14834
P1155,C0483,Vehicle,2022-09-12,2023-09-12,14304
P1156,C0045,Vehicle,2022-11-07,2023-11-07,9312
P1157,C0489,Health,2023-04-22,2024-04-21,8333
P1158,C0646,Vehicle,2022-06-20,2023-06-20,6437
P1159,C0787,Vehicle,2022-06-30,2023-06-30,6472
P1160,C0114,Vehicle,2022-02-25,2023-02-25,9408
P1161,C0861,Vehicle,2022-11-28,2023-11-28,10494
P1162,C0643,Vehicle,2022-02-03,2023-02-03,8127
P1163,C0045,Vehicle,2022-02-06,2023-02-06,7605
P1164,C0734,Health,2022-10-08,2023-10-08,19530
P1165,C0361,Health,2022-08-12,2023-08-12,11623
P1166,C0241,Health,2022-07-10,2023-07-10,15724
P1167,C0471,Vehicle,2022-01-03,2023-01-03,13654
P1168,C0964,Health,2022-03-23,2023-03-23,13009
P1169,C0690,Health,2022-09-13,2023-09-13,10815
P1170,C0622,Vehicle,2022-06-24,2023-06-24,12125
P1171,C0611,Health,2022-01-05,2023-01-05,18900
P1172,C0248,Vehicle,2022-11-28,2023-11-28,9086
P1173,C0387,Vehicle,2023-03-31,2024-03-30,12367
P1174,C0973,Health,2023-02-12,2024-02-12,14551
P1175,C0157,Health,2023-04-14,2024-04-13,13505
P1176,C0815,Health,2022-10-04,2023-10-04,7319
P1177,C0755,Vehicle,2022-05-05,2023-05-05,10476
P1178,C0524,Vehicle,2022-06-28,2023-06-28,9403
P1179,C0930,Vehicle,2022-06-23,2023-06-23,5742
P1180,C0705,Health,2022-08-21,2023-08-21,17525
P1181,C0293,Vehicle,2022-11-15,2023-11-15,13448
P1182,C0120,Health,2022-12-27,2023-12-27,11381
P1183,C0223,Vehicle,2023-05-07,2024-05-06,7036
P1184,C0191,Health,2023-03-20,2024-03-19,17018
P1185,C0814,Vehicle,2022-01-08,2023-01-08,13921
P1186,C0684,Vehicle,2022-06-14,2023-06-14,6632
P1187,C0995,Health,2022-04-30,2023-04-30,14215
P1188,C0004,Health,2023-04-07,2024-04-06,8870
P1189,C0260,Vehicle,2023-02-25,2024-02-25,14091
P1190,C0261,Vehicle,2023-02-03,2024-02-03,12825
P1191,C0819,Vehicle,2023-02-09,2024-02-09,14931
P1192,C0993,Vehicle,2022-01-12,2023-01-12,9105
P1193,C0042,Health,2022-11-08,2023-11-08,8017
P1194,C0043,Health,2023-01-26,2024-01-26,10218
P1195,C0937,Health,2022-10-22,2023-10-22,12141
P1196,C0602,Health,2022-05-28,2023-05-28,17304
P1197,C0142,Health,2022-04-30,2023-04-30,19333
P1198,C0704,Health,2022-02-02,2023-02-02,9415
P1199,C0467,Health,2022-07-22,2023-07-22,15677
P1200,C0847,Health,2022-01-08,2023-01-08,13364
