transaction_id,transaction_date,store_id,product_id,quantity,unit_price,discount,total_amount,currency,last_updated_ts
TXN1,2025-12-13,101,1,3.0,800,0,2400,INR,2025-12-13 08:14:17.293393
TXN2,2025-12-11,9999,1,1.0,800,0,800,USD,2025-12-12 03:26:17.293393
TXN3,2025-12-15,9999,4,2.0,25,5,45,GBP,2025-12-16 05:05:17.293393
TXN4,2025-12-06,201,3,2.0,120,5,263,USD,2025-12-07 01:52:17.293393
TXN5,2025-12-01,501,1,,800,5,50,AUD,2025-12-01 17:36:17.293393
TXN6,2025-12-11,102,1,1.0,800,5,795,INR,2025-12-11 18:14:17.293393
TXN7,2025-12-01,202,3,2.0,120,0,240,USD,2025-12-01 07:42:17.293393
TXN8,2025-12-12,401,2,2.0,30,5,55,EUR,2025-12-12 12:45:17.293393
TXN9,2025-12-14,201,1,2.0,800,5,1595,USD,2025-12-15 00:37:17.293393
TXN10,2025-12-21,401,3,2.0,120,5,235,EUR,2025-12-21 10:01:17.293393
TXN11,2025-11-30,401,5,3.0,60,5,175,EUR,2025-11-30 09:59:17.293393
TXN12,2025-12-09,202,1,1.0,800,0,800,USD,2025-12-09 07:26:17.293393
TXN13,2025-12-05,202,5,,60,10,450,USD,2025-12-05 23:35:17.293393
TXN14,2025-12-17,201,3,1.0,120,0,120,USD,2025-12-17 14:15:17.293393
TXN15,2025-12-09,501,2,1.0,30,5,25,AUD,2025-12-09 18:01:17.293393
TXN16,2025-12-17,102,5,1.0,60,5,81,INR,2025-12-17 15:45:17.293393
TXN17,2025-11-30,101,2,1.0,30,5,25,INR,2025-11-30 09:33:17.293393
TXN18,2025-11-27,401,4,2.0,25,10,40,EUR,2025-11-28 04:48:17.293393
TXN19,2025-11-29,401,3,,120,10,201,EUR,2025-11-29 12:56:17.293393
TXN20,2025-11-25,201,1,2.0,800,0,1587,USD,2025-11-25 16:32:17.293393
TXN21,2025-11-25,301,2,3.0,30,0,90,GBP,2025-11-26 00:56:17.293393
TXN22,2025-12-08,102,4,,25,0,347,INR,2025-12-08 07:06:17.293393
TXN23,2025-12-14,401,1,1.0,800,5,795,EUR,2025-12-14 23:34:17.293393
TXN24,2025-12-07,102,4,2.0,25,0,50,INR,2025-12-08 00:03:17.293393
TXN25,2025-11-26,101,5,1.0,60,0,102,INR,2025-11-26 07:16:17.293393
TXN26,2025-11-28,202,1,,800,5,156,USD,2025-11-29 00:14:17.293393
TXN27,2025-12-14,401,4,2.0,25,0,50,EUR,2025-12-14 15:58:17.293393
TXN28,2025-11-24,101,5,,60,10,135,INR,2025-11-25 01:34:17.293393
TXN29,2025-11-25,9999,2,,30,10,136,EUR,2025-11-26 03:42:17.293393
TXN30,2025-12-11,301,5,3.0,60,0,180,GBP,2025-12-11 09:44:17.293393
TXN31,2025-12-14,401,3,,120,0,14,EUR,2025-12-14 07:46:17.293393
TXN32,2025-12-10,102,5,3.0,60,5,175,INR,2025-12-10 10:39:17.293393
TXN33,2025-12-07,501,5,3.0,60,10,170,AUD,2025-12-08 03:54:17.293393
TXN34,2025-11-26,102,3,1.0,120,10,110,INR,2025-11-26 16:58:17.293393
TXN35,2025-11-29,401,9999,,120,0,57,EUR,2025-11-29 16:39:17.293393
TXN36,2025-12-17,102,3,2.0,120,10,230,INR,2025-12-18 04:51:17.293393
TXN37,2025-12-21,102,9999,1.0,60,10,50,INR,2025-12-21 17:42:17.293393
TXN38,2025-12-21,501,1,3.0,800,0,2400,AUD,2025-12-21 19:08:17.293393
TXN39,2025-12-12,9999,2,2.0,30,0,60,EUR,2025-12-12 16:36:17.293393
TXN40,2025-12-18,202,2,3.0,30,10,64,USD,2025-12-18 20:58:17.293393
TXN41,2025-12-04,201,2,2.0,-30,0,-60,USD,2025-12-04 14:47:17.293393
TXN42,2025-12-04,401,5,,60,10,179,EUR,2025-12-04 11:21:17.293393
TXN43,2025-12-11,201,1,1.0,800,5,795,USD,2025-12-11 22:43:17.293393
TXN44,2025-11-26,202,5,2.0,60,10,110,USD,2025-11-27 04:42:17.293393
TXN45,2025-12-16,401,2,3.0,30,10,80,EUR,2025-12-16 09:31:17.293393
TXN46,2025-12-16,201,5,3.0,60,5,175,USD,2025-12-16 19:37:17.293393
TXN47,2025-12-14,202,2,3.0,30,0,90,USD,2025-12-15 01:58:17.293393
TXN48,2025-12-13,201,4,,25,0,271,USD,2025-12-13 11:03:17.293393
TXN49,2025-12-14,101,3,3.0,120,0,360,INR,2025-12-14 06:06:17.293393
TXN50,2025-11-24,102,4,1.0,25,10,15,INR,2025-11-24 18:54:17.293393
TXN51,2025-11-30,102,1,1.0,800,0,846,INR,2025-11-30 09:24:17.293393
TXN52,2025-12-07,102,4,3.0,25,5,70,INR,2025-12-07 23:58:17.293393
TXN53,2025-12-07,102,4,,25,0,440,INR,2025-12-08 02:39:17.293393
TXN54,2025-11-30,201,4,1.0,25,0,25,USD,2025-11-30 09:59:17.293393
TXN55,2025-11-27,102,4,2.0,25,0,50,INR,2025-11-27 07:23:17.293393
TXN56,2025-11-29,501,4,,25,10,494,AUD,2025-11-29 18:15:17.293393
TXN57,2025-12-08,101,3,3.0,120,5,355,INR,2025-12-08 12:47:17.293393
TXN58,2025-12-08,102,3,,120,5,182,INR,2025-12-08 21:13:17.293393
TXN59,2025-12-22,9999,5,1.0,60,10,50,INR,2025-12-22 09:53:17.293393
TXN60,2025-12-20,202,2,1.0,30,5,25,USD,2025-12-20 18:12:17.293393
TXN61,2025-12-01,501,4,3.0,25,5,119,AUD,2025-12-01 12:55:17.293393
TXN62,2025-12-13,101,1,1.0,800,0,800,INR,2025-12-13 21:25:17.293393
TXN63,2025-12-14,101,5,2.0,60,5,115,INR,2025-12-14 09:10:17.293393
TXN64,2025-12-17,501,2,3.0,30,0,90,AUD,2025-12-17 18:04:17.293393
TXN65,2025-12-05,401,2,1.0,30,10,20,EUR,2025-12-06 04:37:17.293393
TXN66,2025-12-12,501,1,1.0,800,5,795,AUD,2025-12-12 05:41:17.293393
TXN67,2025-12-20,202,4,1.0,25,5,20,USD,2025-12-20 20:07:17.293393
TXN68,2025-11-28,401,5,3.0,60,10,170,EUR,2025-11-29 01:29:17.293393
TXN69,2025-12-01,201,2,1.0,30,5,25,USD,2025-12-01 18:12:17.293393
TXN70,2025-12-03,101,4,3.0,25,0,75,INR,2025-12-04 01:36:17.293393
TXN71,2025-12-15,201,5,1.0,60,0,92,USD,2025-12-16 04:50:17.293393
TXN72,2025-12-08,401,4,,25,0,160,EUR,2025-12-09 01:07:17.293393
TXN73,2025-12-04,202,5,3.0,60,10,170,USD,2025-12-04 15:43:17.293393
TXN74,2025-12-01,102,1,2.0,800,10,1590,INR,2025-12-01 12:39:17.293393
TXN75,2025-12-16,202,3,3.0,120,0,360,USD,2025-12-16 23:29:17.293393
TXN76,2025-11-27,201,1,1.0,800,10,790,USD,2025-11-27 08:46:17.293393
TXN77,2025-12-20,101,5,3.0,60,5,175,INR,2025-12-20 21:34:17.293393
TXN78,2025-11-26,501,1,,800,10,332,AUD,2025-11-26 15:38:17.293393
TXN79,2025-11-25,102,1,,800,10,125,INR,2025-11-25 15:24:17.293393
TXN80,2025-12-20,301,4,3.0,25,0,75,GBP,2025-12-20 12:21:17.293393
TXN81,2025-12-13,102,3,1.0,120,0,120,INR,2025-12-14 04:47:17.293393
TXN82,2025-12-12,202,3,1.0,120,10,110,USD,2025-12-12 13:14:17.293393
TXN83,2025-12-22,201,5,2.0,60,10,110,USD,2025-12-22 10:07:17.293393
TXN84,2025-11-25,101,2,3.0,30,10,80,INR,2025-11-25 15:38:17.293393
TXN85,2025-12-15,202,3,,120,10,30,USD,2025-12-15 06:08:17.293393
TXN86,2025-11-25,102,5,1.0,60,10,50,INR,2025-11-25 11:14:17.293393
TXN87,2025-12-08,301,4,3.0,25,10,65,GBP,2025-12-08 21:18:17.293393
TXN88,2025-12-04,202,3,3.0,120,0,360,USD,2025-12-04 18:56:17.293393
TXN89,2025-12-19,501,5,1.0,60,5,55,AUD,2025-12-19 22:49:17.293393
TXN90,2025-12-19,101,5,,60,0,275,INR,2025-12-19 07:01:17.293393
TXN91,2025-11-29,201,9999,2.0,60,5,115,USD,2025-11-30 02:46:17.293393
TXN92,2025-12-12,501,2,2.0,30,0,60,AUD,2025-12-12 09:08:17.293393
TXN93,2025-12-07,101,2,,30,5,270,INR,2025-12-07 21:23:17.293393
TXN94,2025-11-30,202,5,2.0,60,10,110,USD,2025-11-30 14:41:17.293393
TXN95,2025-12-17,9999,4,3.0,25,10,65,AUD,2025-12-18 01:18:17.293393
TXN96,2025-12-11,401,4,2.0,25,5,45,EUR,2025-12-11 20:48:17.293393
TXN97,2025-12-22,201,2,2.0,30,0,60,USD,2025-12-22 21:24:17.293393
TXN98,2025-12-15,9999,4,,25,10,87,AUD,2025-12-16 01:24:17.293393
TXN99,2025-12-03,501,1,,800,5,17,AUD,2025-12-03 10:32:17.293393
TXN100,2025-11-25,202,3,3.0,120,5,355,USD,2025-11-25 23:28:17.293393
TXN101,2025-12-05,201,4,1.0,25,0,25,USD,2025-12-05 08:21:17.293393
TXN102,2025-12-06,101,1,,800,5,493,INR,2025-12-06 18:03:17.293393
TXN103,2025-12-06,102,2,,30,0,125,INR,2025-12-07 01:10:17.293393
TXN104,2025-11-27,102,4,3.0,25,10,104,INR,2025-11-27 10:39:17.293393
TXN105,2025-11-25,202,3,3.0,120,5,355,USD,2025-11-25 18:23:17.293393
TXN106,2025-12-20,202,1,2.0,800,5,1595,USD,2025-12-21 03:44:17.293393
TXN107,2025-12-05,201,1,1.0,800,10,790,USD,2025-12-05 13:07:17.293393
TXN108,2025-12-12,501,3,2.0,120,10,230,AUD,2025-12-13 04:30:17.293393
TXN109,2025-12-19,102,1,1.0,800,5,821,INR,2025-12-19 15:20:17.293393
TXN110,2025-12-03,401,4,2.0,25,10,40,EUR,2025-12-03 14:34:17.293393
TXN111,2025-12-19,102,3,,120,5,392,INR,2025-12-19 07:50:17.293393
TXN112,2025-11-27,9999,2,,30,10,227,AUD,2025-11-27 20:47:17.293393
TXN113,2025-12-04,401,3,,120,5,65,EUR,2025-12-05 00:25:17.293393
TXN114,2025-12-03,301,2,1.0,30,5,25,GBP,2025-12-03 10:02:17.293393
TXN115,2025-11-24,101,3,,120,0,464,INR,2025-11-25 05:02:17.293393
TXN116,2025-12-10,202,5,2.0,60,10,152,USD,2025-12-10 14:48:17.293393
TXN117,2025-11-24,401,3,2.0,120,0,240,EUR,2025-11-24 23:51:17.293393
TXN118,2025-12-21,401,3,1.0,120,0,120,EUR,2025-12-21 08:23:17.293393
TXN119,2025-12-14,102,5,1.0,60,5,55,INR,2025-12-14 07:36:17.293393
TXN120,2025-12-19,501,5,2.0,60,0,120,AUD,2025-12-19 05:21:17.293393
TXN121,2025-12-01,501,2,2.0,30,0,43,AUD,2025-12-01 13:23:17.293393
TXN122,2025-12-11,201,1,2.0,800,0,1600,USD,2025-12-11 21:31:17.293393
TXN123,2025-12-07,9999,3,1.0,120,0,120,AUD,2025-12-08 03:45:17.293393
TXN124,2025-12-09,201,4,1.0,25,5,20,USD,2025-12-09 20:24:17.293393
TXN125,2025-11-25,101,3,2.0,120,5,235,INR,2025-11-25 18:16:17.293393
TXN126,2025-12-12,301,3,,120,5,60,GBP,2025-12-13 00:05:17.293393
TXN127,2025-12-16,501,2,,30,0,221,AUD,2025-12-16 08:30:17.293393
TXN128,2025-12-03,202,3,3.0,120,0,360,USD,2025-12-03 08:10:17.293393
TXN129,2025-11-25,202,1,3.0,800,10,2412,USD,2025-11-26 03:58:17.293393
TXN130,2025-12-17,202,1,3.0,800,5,2439,USD,2025-12-17 12:55:17.293393
TXN131,2025-12-20,101,3,3.0,120,5,355,INR,2025-12-21 02:29:17.293393
TXN132,2025-12-12,401,5,1.0,60,10,50,EUR,2025-12-13 05:15:17.293393
TXN133,2025-12-17,201,3,3.0,-120,0,-360,USD,2025-12-18 02:52:17.293393
TXN134,2025-11-23,101,5,2.0,60,5,115,INR,2025-11-24 00:38:17.293393
TXN135,2025-12-12,101,1,2.0,800,10,1580,INR,2025-12-12 21:50:17.293393
TXN136,2025-12-12,202,4,3.0,25,10,100,USD,2025-12-13 01:30:17.293393
TXN137,2025-12-08,301,3,1.0,120,10,116,GBP,2025-12-08 09:57:17.293393
TXN138,2025-12-17,201,3,3.0,120,5,355,USD,2025-12-17 13:07:17.293393
TXN139,2025-12-09,301,3,1.0,120,10,92,GBP,2025-12-09 15:57:17.293393
TXN140,2025-12-11,202,5,,60,5,140,USD,2025-12-12 02:21:17.293393
TXN141,2025-12-07,501,3,1.0,120,0,120,AUD,2025-12-07 18:46:17.293393
TXN142,2025-12-20,201,3,2.0,120,0,234,USD,2025-12-20 17:11:17.293393
TXN143,2025-12-04,401,2,2.0,30,5,54,EUR,2025-12-04 11:18:17.293393
TXN144,2025-12-17,401,4,,25,10,239,EUR,2025-12-18 02:35:17.293393
TXN145,2025-12-03,501,3,2.0,120,5,235,AUD,2025-12-03 07:11:17.293393
TXN146,2025-12-04,301,1,3.0,800,0,2416,GBP,2025-12-04 08:20:17.293393
TXN147,2025-12-12,301,5,,60,10,498,GBP,2025-12-13 00:46:17.293393
TXN148,2025-12-13,102,3,,120,0,263,INR,2025-12-14 03:19:17.293393
TXN149,2025-11-28,101,2,,30,10,277,INR,2025-11-28 18:29:17.293393
TXN150,2025-12-06,501,3,1.0,120,10,110,AUD,2025-12-06 18:27:17.293393
TXN151,2025-12-02,201,5,2.0,60,10,110,USD,2025-12-03 03:39:17.293393
TXN152,2025-12-15,401,4,2.0,25,0,50,EUR,2025-12-15 09:37:17.293393
TXN153,2025-12-14,9999,5,1.0,60,5,55,EUR,2025-12-14 12:34:17.293393
TXN154,2025-12-03,501,4,2.0,25,0,67,AUD,2025-12-03 23:41:17.293393
TXN155,2025-12-19,401,5,1.0,60,10,78,EUR,2025-12-20 04:54:17.293393
TXN156,2025-12-17,301,2,,-30,5,356,GBP,2025-12-17 20:35:17.293393
TXN157,2025-11-30,301,2,3.0,30,5,85,GBP,2025-12-01 00:44:17.293393
TXN158,2025-12-07,202,3,,120,5,92,USD,2025-12-07 13:48:17.293393
TXN159,2025-11-24,401,4,3.0,25,0,75,EUR,2025-11-24 08:07:17.293393
TXN160,2025-12-17,102,3,,120,0,435,INR,2025-12-17 20:39:17.293393
TXN161,2025-12-21,201,1,,800,10,201,USD,2025-12-21 06:13:17.293393
TXN162,2025-12-03,101,3,2.0,120,5,235,INR,2025-12-03 21:16:17.293393
TXN163,2025-12-07,301,1,1.0,-800,0,-800,GBP,2025-12-07 23:16:17.293393
TXN164,2025-12-06,101,3,2.0,120,0,240,INR,2025-12-06 07:24:17.293393
TXN165,2025-11-26,501,4,1.0,25,10,15,AUD,2025-11-27 02:15:17.293393
TXN166,2025-12-04,102,5,,60,10,53,INR,2025-12-04 23:50:17.293393
TXN167,2025-12-09,501,5,1.0,60,5,84,AUD,2025-12-09 05:49:17.293393
TXN168,2025-12-04,501,1,3.0,800,10,2390,AUD,2025-12-04 16:36:17.293393
TXN169,2025-11-27,101,3,3.0,120,0,360,INR,2025-11-27 21:36:17.293393
TXN170,2025-12-13,9999,2,1.0,30,5,30,INR,2025-12-13 06:41:17.293393
TXN171,2025-12-03,201,5,,60,10,252,USD,2025-12-03 17:27:17.293393
TXN172,2025-12-20,501,1,3.0,800,5,2395,AUD,2025-12-20 18:27:17.293393
TXN173,2025-12-03,102,4,,25,10,146,INR,2025-12-04 01:49:17.293393
TXN174,2025-12-19,102,5,3.0,60,0,180,INR,2025-12-19 19:48:17.293393
TXN175,2025-11-28,401,4,3.0,25,10,65,EUR,2025-11-28 14:38:17.293393
TXN176,2025-12-13,501,1,1.0,800,5,795,AUD,2025-12-13 06:19:17.293393
TXN177,2025-11-27,501,5,,-60,0,130,AUD,2025-11-28 00:37:17.293393
TXN178,2025-11-24,301,2,,30,5,237,GBP,2025-11-24 18:51:17.293393
TXN179,2025-12-03,401,3,2.0,120,0,240,EUR,2025-12-04 00:26:17.293393
TXN180,2025-11-26,201,3,,120,10,156,USD,2025-11-26 09:53:17.293393
TXN181,2025-12-20,101,4,2.0,25,5,45,INR,2025-12-20 16:10:17.293393
TXN182,2025-12-14,201,1,3.0,800,0,2400,USD,2025-12-14 17:36:17.293393
TXN183,2025-12-09,9999,1,2.0,800,0,1600,INR,2025-12-09 17:51:17.293393
TXN184,2025-12-07,501,5,2.0,60,0,150,AUD,2025-12-07 23:12:17.293393
TXN185,2025-12-06,501,4,1.0,25,5,20,AUD,2025-12-06 17:01:17.293393
TXN186,2025-11-27,501,5,2.0,60,0,120,AUD,2025-11-27 09:30:17.293393
TXN187,2025-12-09,102,3,2.0,120,10,230,INR,2025-12-09 14:57:17.293393
TXN188,2025-12-20,101,3,2.0,120,10,230,INR,2025-12-20 08:27:17.293393
TXN189,2025-12-09,401,2,2.0,30,10,50,EUR,2025-12-10 00:30:17.293393
TXN190,2025-11-24,501,1,1.0,-800,10,-810,AUD,2025-11-25 00:47:17.293393
TXN191,2025-12-06,301,1,,800,10,158,GBP,2025-12-07 04:38:17.293393
TXN192,2025-12-05,201,4,1.0,25,0,25,USD,2025-12-06 01:58:17.293393
TXN193,2025-11-27,201,3,3.0,120,0,360,USD,2025-11-27 13:31:17.293393
TXN194,2025-12-07,101,3,,120,0,35,INR,2025-12-07 13:44:17.293393
TXN195,2025-12-20,102,3,3.0,120,0,360,INR,2025-12-20 15:47:17.293393
TXN196,2025-12-08,9999,1,,800,0,120,INR,2025-12-09 01:39:17.293393
TXN197,2025-12-21,501,4,3.0,25,0,75,AUD,2025-12-21 19:01:17.293393
TXN198,2025-12-04,101,4,1.0,25,0,25,INR,2025-12-04 20:38:17.293393
TXN199,2025-12-17,301,3,1.0,120,0,120,GBP,2025-12-17 17:44:17.293393
TXN200,2025-12-17,102,2,,30,0,51,INR,2025-12-17 10:21:17.293393
TXN201,2025-12-12,301,2,3.0,30,5,103,GBP,2025-12-12 22:39:17.293393
TXN202,2025-12-10,202,5,3.0,60,0,180,USD,2025-12-11 01:11:17.293393
TXN203,2025-12-02,501,1,,800,10,410,AUD,2025-12-02 07:01:17.293393
TXN204,2025-12-11,202,2,,30,10,128,USD,2025-12-11 19:33:17.293393
TXN205,2025-11-27,202,2,,30,10,481,USD,2025-11-27 09:58:17.293393
TXN206,2025-12-09,102,5,3.0,60,5,175,INR,2025-12-09 23:27:17.293393
TXN207,2025-12-03,301,3,3.0,120,0,360,GBP,2025-12-03 15:25:17.293393
TXN208,2025-12-17,201,2,,30,5,296,USD,2025-12-17 09:25:17.293393
TXN209,2025-12-11,401,5,,60,5,429,EUR,2025-12-11 06:42:17.293393
TXN210,2025-12-02,401,1,3.0,800,10,2390,EUR,2025-12-02 23:39:17.293393
TXN211,2025-12-01,301,3,2.0,120,10,230,GBP,2025-12-01 23:23:17.293393
TXN212,2025-11-30,401,2,1.0,30,5,25,EUR,2025-11-30 05:26:17.293393
TXN213,2025-12-10,102,4,,25,0,397,INR,2025-12-10 08:19:17.293393
TXN214,2025-12-13,301,2,1.0,30,0,30,GBP,2025-12-13 06:30:17.293393
TXN215,2025-12-19,9999,4,2.0,25,5,45,USD,2025-12-19 08:55:17.293393
TXN216,2025-12-22,201,3,,120,10,278,USD,2025-12-22 21:14:17.293393
TXN217,2025-12-01,102,9999,3.0,800,5,2395,INR,2025-12-01 16:46:17.293393
TXN218,2025-12-18,201,5,2.0,60,10,110,USD,2025-12-18 08:13:17.293393
TXN219,2025-12-05,401,1,2.0,800,5,1595,EUR,2025-12-05 13:18:17.293393
TXN220,2025-12-07,501,3,3.0,120,10,350,AUD,2025-12-07 13:19:17.293393
TXN221,2025-11-24,401,1,,800,5,361,EUR,2025-11-24 15:52:17.293393
TXN222,2025-12-15,101,3,3.0,120,0,360,INR,2025-12-16 01:56:17.293393
TXN223,2025-12-04,202,5,,60,10,432,USD,2025-12-04 08:03:17.293393
TXN224,2025-12-09,202,5,3.0,60,10,220,USD,2025-12-09 23:35:17.293393
TXN225,2025-11-27,102,3,,120,0,377,INR,2025-11-27 07:09:17.293393
TXN226,2025-12-07,102,5,,60,0,296,INR,2025-12-07 18:46:17.293393
TXN227,2025-12-01,501,1,2.0,800,0,1600,AUD,2025-12-01 07:19:17.293393
TXN228,2025-12-22,101,4,1.0,25,0,25,INR,2025-12-23 03:18:17.293393
TXN229,2025-12-06,201,4,,25,5,251,USD,2025-12-06 09:18:17.293393
TXN230,2025-11-28,301,4,2.0,25,0,50,GBP,2025-11-28 21:04:17.293393
TXN231,2025-12-14,401,5,,60,0,136,EUR,2025-12-14 09:07:17.293393
TXN232,2025-11-24,501,4,1.0,25,0,9,AUD,2025-11-24 06:55:17.293393
TXN233,2025-11-30,401,1,,800,10,121,EUR,2025-11-30 15:08:17.293393
TXN234,2025-11-30,501,5,3.0,60,10,170,AUD,2025-12-01 03:48:17.293393
TXN235,2025-12-09,102,4,3.0,25,10,65,INR,2025-12-10 02:38:17.293393
TXN236,2025-12-14,202,5,,-60,5,492,USD,2025-12-15 05:02:17.293393
TXN237,2025-12-06,202,2,3.0,30,10,80,USD,2025-12-06 10:11:17.293393
TXN238,2025-12-18,202,1,,800,10,292,USD,2025-12-18 07:57:17.293393
TXN239,2025-12-22,202,3,1.0,120,0,148,USD,2025-12-22 07:45:17.293393
TXN240,2025-11-29,501,5,2.0,60,5,115,AUD,2025-11-29 11:45:17.293393
TXN241,2025-12-16,101,4,2.0,25,10,40,INR,2025-12-16 14:55:17.293393
TXN242,2025-12-05,202,5,3.0,60,5,175,USD,2025-12-05 21:17:17.293393
TXN243,2025-12-17,501,9999,2.0,120,5,243,AUD,2025-12-18 00:09:17.293393
TXN244,2025-12-22,301,5,,60,0,178,GBP,2025-12-23 00:03:17.293393
TXN245,2025-12-13,401,3,3.0,120,5,355,EUR,2025-12-13 11:00:17.293393
TXN246,2025-12-16,501,3,2.0,120,10,230,AUD,2025-12-17 03:10:17.293393
TXN247,2025-11-24,301,1,1.0,800,10,770,GBP,2025-11-24 13:09:17.293393
TXN248,2025-11-25,401,2,1.0,30,5,25,EUR,2025-11-26 02:18:17.293393
TXN249,2025-12-22,9999,4,1.0,-25,10,-35,USD,2025-12-22 23:33:17.293393
TXN250,2025-12-02,101,5,,60,0,64,INR,2025-12-03 02:25:17.293393
TXN251,2025-12-09,201,3,3.0,120,0,360,USD,2025-12-10 05:03:17.293393
TXN252,2025-11-30,201,1,1.0,800,5,795,USD,2025-12-01 05:15:17.293393
TXN253,2025-11-28,101,4,,25,5,299,INR,2025-11-28 06:43:17.293393
TXN254,2025-11-30,102,5,,60,0,360,INR,2025-11-30 06:23:17.293393
TXN255,2025-11-28,501,3,1.0,120,10,140,AUD,2025-11-29 00:30:17.293393
TXN256,2025-11-30,301,4,3.0,25,10,55,GBP,2025-11-30 07:05:17.293393
TXN257,2025-11-26,202,2,1.0,30,10,20,USD,2025-11-26 06:16:17.293393
TXN258,2025-12-13,201,4,,25,10,491,USD,2025-12-13 18:14:17.293393
TXN259,2025-11-25,501,5,3.0,60,10,184,AUD,2025-11-26 02:54:17.293393
TXN260,2025-11-27,401,4,3.0,25,0,94,EUR,2025-11-27 08:45:17.293393
TXN261,2025-11-27,9999,2,,30,10,272,INR,2025-11-27 08:26:17.293393
TXN262,2025-12-12,301,3,,-120,5,208,GBP,2025-12-12 13:33:17.293393
TXN263,2025-12-11,301,2,,30,5,164,GBP,2025-12-11 14:41:17.293393
TXN264,2025-12-06,201,4,1.0,25,0,25,USD,2025-12-06 20:53:17.293393
TXN265,2025-11-26,102,3,1.0,120,5,115,INR,2025-11-26 20:17:17.293393
TXN266,2025-12-03,202,5,2.0,60,10,110,USD,2025-12-03 18:51:17.293393
TXN267,2025-12-03,201,4,2.0,25,5,45,USD,2025-12-04 00:30:17.293393
TXN268,2025-11-29,301,5,2.0,60,10,149,GBP,2025-11-29 15:12:17.293393
TXN269,2025-12-19,401,1,,800,0,334,EUR,2025-12-19 19:42:17.293393
TXN270,2025-12-18,202,1,,800,5,308,USD,2025-12-19 04:52:17.293393
TXN271,2025-12-06,301,1,3.0,800,10,2390,GBP,2025-12-06 13:44:17.293393
TXN272,2025-12-14,401,3,2.0,120,0,240,EUR,2025-12-14 16:35:17.293393
TXN273,2025-12-18,202,1,1.0,800,0,800,USD,2025-12-19 00:54:17.293393
TXN274,2025-11-30,202,3,,120,10,311,USD,2025-11-30 21:44:17.293393
TXN275,2025-11-26,201,4,1.0,25,10,34,USD,2025-11-26 23:03:17.293393
TXN276,2025-12-08,201,9999,1.0,25,10,15,USD,2025-12-08 09:11:17.293393
TXN277,2025-11-23,501,3,1.0,120,0,120,AUD,2025-11-24 00:06:17.293393
TXN278,2025-11-28,201,5,,60,0,418,USD,2025-11-28 20:01:17.293393
TXN279,2025-12-05,101,5,2.0,60,5,115,INR,2025-12-05 07:24:17.293393
TXN280,2025-12-11,101,5,2.0,60,0,120,INR,2025-12-11 23:16:17.293393
TXN281,2025-12-13,201,5,,60,10,68,USD,2025-12-14 04:15:17.293393
TXN282,2025-12-15,501,3,1.0,120,5,134,AUD,2025-12-15 10:05:17.293393
TXN283,2025-12-09,202,4,2.0,25,5,93,USD,2025-12-09 11:10:17.293393
TXN284,2025-12-10,102,4,3.0,25,5,70,INR,2025-12-10 05:35:17.293393
TXN285,2025-12-08,102,2,,30,10,344,INR,2025-12-08 20:25:17.293393
TXN286,2025-12-08,102,1,1.0,800,0,800,INR,2025-12-08 11:00:17.293393
TXN287,2025-12-17,202,5,,60,0,352,USD,2025-12-17 06:41:17.293393
TXN288,2025-12-17,401,4,2.0,25,0,50,EUR,2025-12-17 06:22:17.293393
TXN289,2025-12-07,201,3,1.0,120,0,120,USD,2025-12-08 01:20:17.293393
TXN290,2025-12-15,201,5,,60,0,411,USD,2025-12-15 17:14:17.293393
TXN291,2025-12-10,201,5,2.0,60,10,110,USD,2025-12-10 22:49:17.293393
TXN292,2025-12-21,401,1,2.0,800,5,1595,EUR,2025-12-21 09:35:17.293393
TXN293,2025-12-15,501,2,2.0,30,5,55,AUD,2025-12-15 21:58:17.293393
TXN294,2025-11-27,301,3,,120,0,334,GBP,2025-11-27 14:45:17.293393
TXN295,2025-12-15,201,4,,25,0,454,USD,2025-12-15 20:54:17.293393
TXN296,2025-12-13,401,3,1.0,120,5,115,EUR,2025-12-13 14:25:17.293393
TXN297,2025-12-03,501,3,3.0,120,0,360,AUD,2025-12-04 04:33:17.293393
TXN298,2025-12-17,101,9999,1.0,800,5,795,INR,2025-12-17 19:52:17.293393
TXN299,2025-11-29,401,2,3.0,30,5,111,EUR,2025-11-30 03:24:17.293393
TXN300,2025-11-28,101,4,3.0,25,0,75,INR,2025-11-28 12:33:17.293393
TXN301,2025-12-08,101,2,2.0,30,5,78,INR,2025-12-08 19:40:17.293393
TXN302,2025-12-15,102,4,1.0,25,0,25,INR,2025-12-15 15:28:17.293393
TXN303,2025-11-27,202,2,2.0,30,10,51,USD,2025-11-28 02:42:17.293393
TXN304,2025-12-16,102,4,,25,0,464,INR,2025-12-16 19:55:17.293393
TXN305,2025-12-03,501,2,2.0,30,0,60,AUD,2025-12-03 14:59:17.293393
TXN306,2025-12-17,401,1,3.0,800,10,2390,EUR,2025-12-17 07:07:17.293393
TXN307,2025-12-18,501,2,,30,0,265,AUD,2025-12-18 05:40:17.293393
TXN308,2025-12-04,201,2,,30,10,225,USD,2025-12-04 07:45:17.293393
TXN309,2025-11-23,301,1,1.0,800,0,800,GBP,2025-11-23 15:02:17.293393
TXN310,2025-12-13,401,5,,60,5,52,EUR,2025-12-13 08:07:17.293393
TXN311,2025-12-02,101,5,2.0,60,0,120,INR,2025-12-03 03:26:17.293393
TXN312,2025-12-14,401,1,3.0,800,10,2390,EUR,2025-12-14 20:05:17.293393
TXN313,2025-11-26,202,9999,1.0,60,10,50,USD,2025-11-26 09:57:17.293393
TXN314,2025-12-15,101,2,,30,10,274,INR,2025-12-15 09:35:17.293393
TXN315,2025-12-16,501,3,1.0,120,0,120,AUD,2025-12-16 14:14:17.293393
TXN316,2025-12-15,301,1,,800,5,38,GBP,2025-12-15 13:58:17.293393
TXN317,2025-12-17,101,5,1.0,60,10,31,INR,2025-12-17 18:20:17.293393
TXN318,2025-12-22,102,2,1.0,30,10,20,INR,2025-12-22 19:28:17.293393
TXN319,2025-12-22,401,3,3.0,120,10,350,EUR,2025-12-22 11:23:17.293393
TXN320,2025-11-30,501,5,1.0,60,0,60,AUD,2025-11-30 15:52:17.293393
TXN321,2025-12-03,101,5,,-60,0,159,INR,2025-12-03 21:06:17.293393
TXN322,2025-12-04,301,9999,2.0,25,10,40,GBP,2025-12-04 19:15:17.293393
TXN323,2025-11-23,102,9999,3.0,60,10,170,INR,2025-11-24 03:42:17.293393
TXN324,2025-12-05,501,3,1.0,120,0,120,AUD,2025-12-05 10:07:17.293393
TXN325,2025-12-15,201,1,1.0,800,10,790,USD,2025-12-15 08:09:17.293393
TXN326,2025-12-11,101,5,2.0,60,5,102,INR,2025-12-11 13:20:17.293393
TXN327,2025-12-02,201,3,,120,10,177,USD,2025-12-02 12:11:17.293393
TXN328,2025-11-27,501,5,1.0,60,0,60,AUD,2025-11-27 17:29:17.293393
TXN329,2025-12-17,102,4,3.0,25,0,93,INR,2025-12-17 06:38:17.293393
TXN330,2025-11-29,501,9999,2.0,120,0,240,AUD,2025-11-29 15:28:17.293393
TXN331,2025-12-01,501,2,1.0,30,5,25,AUD,2025-12-01 08:44:17.293393
TXN332,2025-12-18,501,2,1.0,-30,0,1,AUD,2025-12-19 03:16:17.293393
TXN333,2025-11-25,301,5,3.0,60,0,168,GBP,2025-11-25 09:39:17.293393
TXN334,2025-11-25,501,3,1.0,-120,5,-90,AUD,2025-11-25 06:16:17.293393
TXN335,2025-12-05,401,4,2.0,25,0,50,EUR,2025-12-06 02:13:17.293393
TXN336,2025-12-12,301,2,3.0,30,10,80,GBP,2025-12-12 19:34:17.293393
TXN337,2025-11-29,401,5,2.0,60,10,110,EUR,2025-11-29 17:31:17.293393
TXN338,2025-12-08,301,9999,3.0,25,10,65,GBP,2025-12-09 01:38:17.293393
TXN339,2025-11-30,101,3,1.0,120,5,115,INR,2025-11-30 10:42:17.293393
TXN340,2025-11-26,102,2,3.0,30,10,88,INR,2025-11-26 18:31:17.293393
TXN341,2025-12-04,501,2,2.0,30,5,55,AUD,2025-12-04 06:13:17.293393
TXN342,2025-12-15,401,3,2.0,120,0,240,EUR,2025-12-15 23:46:17.293393
TXN343,2025-12-02,9999,4,1.0,25,0,25,INR,2025-12-02 16:35:17.293393
TXN344,2025-12-22,301,2,2.0,30,0,60,GBP,2025-12-22 06:00:17.293393
TXN345,2025-11-27,301,2,1.0,30,5,25,GBP,2025-11-27 18:46:17.293393
TXN346,2025-12-11,101,3,3.0,120,0,360,INR,2025-12-11 21:53:17.293393
TXN347,2025-12-13,201,2,3.0,30,10,80,USD,2025-12-13 15:19:17.293393
TXN348,2025-11-27,102,1,,800,10,46,INR,2025-11-27 12:48:17.293393
TXN349,2025-12-13,301,1,,800,10,49,GBP,2025-12-13 08:17:17.293393
TXN350,2025-12-19,401,3,,-120,0,137,EUR,2025-12-19 05:18:17.293393
TXN351,2025-11-24,202,4,,25,5,262,USD,2025-11-24 21:37:17.293393
TXN352,2025-12-18,9999,9999,2.0,60,0,120,AUD,2025-12-18 14:10:17.293393
TXN353,2025-11-26,101,3,2.0,120,0,240,INR,2025-11-26 08:26:17.293393
TXN354,2025-12-03,301,5,,60,5,492,GBP,2025-12-03 07:05:17.293393
TXN355,2025-11-26,201,2,2.0,30,10,50,USD,2025-11-26 14:52:17.293393
TXN356,2025-12-02,102,1,1.0,800,10,790,INR,2025-12-02 19:51:17.293393
TXN357,2025-11-25,201,5,,60,0,132,USD,2025-11-25 09:12:17.293393
TXN358,2025-12-02,501,4,,25,10,194,AUD,2025-12-02 18:17:17.293393
TXN359,2025-12-04,102,4,1.0,25,5,20,INR,2025-12-04 10:25:17.293393
TXN360,2025-12-17,401,1,1.0,800,10,790,EUR,2025-12-17 07:20:17.293393
TXN361,2025-12-19,202,5,,60,10,453,USD,2025-12-19 15:28:17.293393
TXN362,2025-11-25,202,1,2.0,800,5,1596,USD,2025-11-25 09:34:17.293393
TXN363,2025-11-24,202,1,,800,10,85,USD,2025-11-24 07:33:17.293393
TXN364,2025-11-25,202,5,,60,5,276,USD,2025-11-26 02:32:17.293393
TXN365,2025-12-11,301,4,1.0,25,0,25,GBP,2025-12-11 08:41:17.293393
TXN366,2025-12-22,101,5,1.0,60,10,50,INR,2025-12-23 03:37:17.293393
TXN367,2025-12-08,9999,5,,-60,5,247,GBP,2025-12-08 16:34:17.293393
TXN368,2025-12-15,102,1,,800,5,20,INR,2025-12-15 22:02:17.293393
TXN369,2025-12-20,401,1,2.0,800,10,1590,EUR,2025-12-20 19:29:17.293393
TXN370,2025-12-12,401,1,2.0,800,5,1595,EUR,2025-12-12 07:11:17.293393
TXN371,2025-12-09,501,2,1.0,30,10,20,AUD,2025-12-10 00:40:17.293393
TXN372,2025-11-23,102,2,2.0,30,0,46,INR,2025-11-23 14:37:17.293393
TXN373,2025-12-04,501,4,,25,0,385,AUD,2025-12-04 21:27:17.293393
TXN374,2025-12-11,301,3,3.0,120,5,355,GBP,2025-12-11 18:27:17.293393
TXN375,2025-11-24,102,5,2.0,60,10,110,INR,2025-11-24 22:47:17.293393
TXN376,2025-11-23,9999,1,,800,10,98,AUD,2025-11-23 15:41:17.293393
TXN377,2025-12-15,401,3,,120,5,245,EUR,2025-12-16 02:33:17.293393
TXN378,2025-12-05,301,1,1.0,800,10,790,GBP,2025-12-06 01:32:17.293393
TXN379,2025-12-12,201,3,1.0,120,5,115,USD,2025-12-12 14:10:17.293393
TXN380,2025-12-13,401,3,2.0,120,0,240,EUR,2025-12-14 01:44:17.293393
TXN381,2025-12-05,401,3,2.0,120,10,230,EUR,2025-12-05 19:04:17.293393
TXN382,2025-12-05,401,1,2.0,800,10,1590,EUR,2025-12-06 04:11:17.293393
TXN383,2025-12-04,301,3,2.0,120,10,222,GBP,2025-12-05 00:20:17.293393
TXN384,2025-12-17,102,3,1.0,120,0,120,INR,2025-12-17 16:34:17.293393
TXN385,2025-12-04,201,5,3.0,60,0,180,USD,2025-12-05 02:27:17.293393
TXN386,2025-11-25,202,2,1.0,30,5,25,USD,2025-11-25 10:24:17.293393
TXN387,2025-11-27,102,3,,120,5,83,INR,2025-11-27 21:54:17.293393
TXN388,2025-12-03,401,2,3.0,30,0,90,EUR,2025-12-04 00:56:17.293393
TXN389,2025-12-17,102,4,1.0,25,5,20,INR,2025-12-17 18:21:17.293393
TXN390,2025-11-23,101,5,2.0,60,0,120,INR,2025-11-23 05:52:17.293393
TXN391,2025-12-14,101,2,2.0,30,5,55,INR,2025-12-14 15:42:17.293393
TXN392,2025-11-28,101,1,3.0,800,5,2395,INR,2025-11-29 04:42:17.293393
TXN393,2025-11-27,201,4,3.0,25,0,75,USD,2025-11-27 13:03:17.293393
TXN394,2025-11-30,401,2,2.0,30,10,50,EUR,2025-11-30 06:32:17.293393
TXN395,2025-12-05,401,9999,1.0,120,0,120,EUR,2025-12-06 04:48:17.293393
TXN396,2025-11-26,202,4,,25,5,252,USD,2025-11-26 05:35:17.293393
TXN397,2025-12-02,202,1,3.0,800,10,2383,USD,2025-12-02 14:54:17.293393
TXN398,2025-11-26,501,1,,800,0,408,AUD,2025-11-26 19:15:17.293393
TXN399,2025-12-02,102,9999,,800,10,487,INR,2025-12-02 08:18:17.293393
TXN400,2025-12-22,101,5,,60,0,409,INR,2025-12-22 14:00:17.293393
TXN401,2025-12-13,102,4,3.0,25,0,77,INR,2025-12-13 17:33:17.293393
TXN402,2025-12-18,9999,3,,120,0,445,EUR,2025-12-19 03:54:17.293393
TXN403,2025-12-13,102,3,3.0,120,10,350,INR,2025-12-13 16:57:17.293393
TXN404,2025-11-28,101,4,,25,5,437,INR,2025-11-29 03:24:17.293393
TXN405,2025-12-21,501,2,1.0,30,10,20,AUD,2025-12-21 21:44:17.293393
TXN406,2025-12-18,301,4,2.0,25,5,45,GBP,2025-12-18 09:43:17.293393
TXN407,2025-12-08,9999,1,,800,0,143,USD,2025-12-08 23:10:17.293393
TXN408,2025-12-17,401,5,2.0,60,10,110,EUR,2025-12-18 02:22:17.293393
TXN409,2025-11-26,202,2,,30,10,338,USD,2025-11-27 02:11:17.293393
TXN410,2025-11-24,101,2,,30,0,48,INR,2025-11-24 14:45:17.293393
TXN411,2025-11-24,301,2,,30,0,50,GBP,2025-11-24 22:16:17.293393
TXN412,2025-12-07,9999,1,,800,0,62,USD,2025-12-07 08:22:17.293393
TXN413,2025-12-18,301,5,3.0,60,10,170,GBP,2025-12-18 17:40:17.293393
TXN414,2025-12-19,101,2,,30,10,317,INR,2025-12-19 09:09:17.293393
TXN415,2025-11-26,501,2,1.0,30,10,20,AUD,2025-11-27 05:13:17.293393
TXN416,2025-11-26,101,2,,30,10,390,INR,2025-11-26 11:40:17.293393
TXN417,2025-11-26,501,4,2.0,25,0,50,AUD,2025-11-27 02:52:17.293393
TXN418,2025-12-19,401,5,1.0,60,5,55,EUR,2025-12-19 22:17:17.293393
TXN419,2025-11-23,301,1,,800,5,483,GBP,2025-11-24 01:00:17.293393
TXN420,2025-11-28,401,2,1.0,30,10,20,EUR,2025-11-28 19:33:17.293393
TXN421,2025-12-12,401,2,3.0,30,5,85,EUR,2025-12-12 19:21:17.293393
TXN422,2025-12-12,401,5,3.0,60,10,170,EUR,2025-12-13 02:51:17.293393
TXN423,2025-11-29,102,2,3.0,30,10,82,INR,2025-11-29 16:16:17.293393
TXN424,2025-12-15,101,3,,120,10,373,INR,2025-12-15 15:01:17.293393
TXN425,2025-12-21,501,4,1.0,25,0,25,AUD,2025-12-21 14:22:17.293393
TXN426,2025-12-17,501,2,3.0,30,0,90,AUD,2025-12-17 23:44:17.293393
TXN427,2025-11-24,201,4,1.0,25,10,15,USD,2025-11-25 00:25:17.293393
TXN428,2025-12-05,102,5,3.0,60,0,180,INR,2025-12-06 04:39:17.293393
TXN429,2025-12-03,301,1,1.0,800,0,800,GBP,2025-12-03 12:57:17.293393
TXN430,2025-12-22,401,3,2.0,120,0,240,EUR,2025-12-22 11:38:17.293393
TXN431,2025-11-28,401,5,1.0,60,5,55,EUR,2025-11-28 13:58:17.293393
TXN432,2025-11-23,201,4,2.0,-25,5,-55,USD,2025-11-24 03:51:17.293393
TXN433,2025-12-02,202,5,3.0,60,10,170,USD,2025-12-02 07:35:17.293393
TXN434,2025-12-18,301,2,,30,5,57,GBP,2025-12-18 16:34:17.293393
TXN435,2025-12-04,201,2,,30,10,38,USD,2025-12-05 02:12:17.293393
TXN436,2025-12-22,301,2,1.0,30,5,25,GBP,2025-12-22 14:01:17.293393
TXN437,2025-12-10,401,3,1.0,120,5,115,EUR,2025-12-10 15:23:17.293393
TXN438,2025-12-21,401,2,3.0,30,0,138,EUR,2025-12-21 12:27:17.293393
TXN439,2025-12-14,401,2,,30,0,285,EUR,2025-12-14 20:07:17.293393
TXN440,2025-12-13,501,1,2.0,-800,10,-1610,AUD,2025-12-13 13:51:17.293393
TXN441,2025-12-10,101,5,2.0,60,5,115,INR,2025-12-10 05:50:17.293393
TXN442,2025-12-05,401,1,1.0,800,10,775,EUR,2025-12-05 22:25:17.293393
TXN443,2025-11-26,201,9999,1.0,120,5,115,USD,2025-11-26 10:36:17.293393
TXN444,2025-12-10,102,2,,30,10,161,INR,2025-12-11 03:22:17.293393
TXN445,2025-12-04,101,5,2.0,60,0,120,INR,2025-12-04 08:10:17.293393
TXN446,2025-12-02,102,3,2.0,120,10,230,INR,2025-12-03 02:19:17.293393
TXN447,2025-12-19,201,2,1.0,30,10,20,USD,2025-12-20 00:00:17.293393
TXN448,2025-12-07,401,5,1.0,60,0,60,EUR,2025-12-07 16:33:17.293393
TXN449,2025-12-04,102,2,1.0,30,0,30,INR,2025-12-05 02:18:17.293393
TXN450,2025-12-14,201,5,2.0,60,5,115,USD,2025-12-14 15:57:17.293393
TXN451,2025-11-30,501,2,,30,5,78,AUD,2025-11-30 20:28:17.293393
TXN452,2025-12-04,501,3,,120,0,340,AUD,2025-12-04 10:02:17.293393
TXN453,2025-12-21,301,2,3.0,30,10,69,GBP,2025-12-22 02:49:17.293393
TXN454,2025-11-23,501,5,,60,0,487,AUD,2025-11-23 21:22:17.293393
TXN455,2025-12-13,501,2,3.0,30,10,80,AUD,2025-12-13 22:41:17.293393
TXN456,2025-11-25,202,3,1.0,120,10,110,USD,2025-11-25 10:42:17.293393
TXN457,2025-11-28,9999,5,2.0,60,5,115,GBP,2025-11-28 13:10:17.293393
TXN458,2025-11-25,201,3,2.0,-120,0,-240,USD,2025-11-25 20:47:17.293393
TXN459,2025-12-21,101,1,3.0,800,10,2390,INR,2025-12-22 01:01:17.293393
TXN460,2025-12-10,301,2,,30,5,310,GBP,2025-12-10 18:06:17.293393
TXN461,2025-12-22,102,9999,,60,5,259,INR,2025-12-22 10:00:17.293393
TXN462,2025-12-07,102,2,1.0,30,5,25,INR,2025-12-07 09:18:17.293393
TXN463,2025-12-14,102,4,3.0,25,5,70,INR,2025-12-15 03:21:17.293393
TXN464,2025-12-19,202,1,2.0,-800,10,-1610,USD,2025-12-20 00:48:17.293393
TXN465,2025-11-27,101,2,3.0,30,10,80,INR,2025-11-27 05:54:17.293393
TXN466,2025-12-21,401,3,1.0,120,10,110,EUR,2025-12-21 19:17:17.293393
TXN467,2025-12-12,102,5,2.0,60,10,110,INR,2025-12-12 20:44:17.293393
TXN468,2025-12-12,301,1,2.0,800,0,1605,GBP,2025-12-13 04:37:17.293393
TXN469,2025-12-06,501,2,1.0,30,10,20,AUD,2025-12-06 09:16:17.293393
TXN470,2025-11-25,202,2,1.0,30,10,20,USD,2025-11-25 06:44:17.293393
TXN471,2025-12-15,301,4,2.0,25,5,45,GBP,2025-12-16 05:02:17.293393
TXN472,2025-12-11,101,4,2.0,25,0,50,INR,2025-12-11 23:49:17.293393
TXN473,2025-12-06,201,9999,1.0,30,0,30,USD,2025-12-07 03:36:17.293393
TXN474,2025-11-29,401,3,,120,0,228,EUR,2025-11-29 19:43:17.293393
TXN475,2025-12-11,201,5,3.0,60,5,175,USD,2025-12-11 21:44:17.293393
TXN476,2025-11-28,201,5,,60,5,305,USD,2025-11-29 03:46:17.293393
TXN477,2025-11-26,401,2,,30,0,61,EUR,2025-11-27 00:03:17.293393
TXN478,2025-12-12,401,1,2.0,800,10,1581,EUR,2025-12-13 01:45:17.293393
TXN479,2025-12-06,101,1,3.0,800,0,2400,INR,2025-12-06 18:56:17.293393
TXN480,2025-12-12,401,5,3.0,60,10,172,EUR,2025-12-12 12:09:17.293393
TXN481,2025-12-20,401,5,3.0,60,10,170,EUR,2025-12-21 04:16:17.293393
TXN482,2025-11-24,201,2,1.0,30,0,30,USD,2025-11-24 18:45:17.293393
TXN483,2025-12-05,301,2,1.0,30,0,30,GBP,2025-12-06 00:21:17.293393
TXN484,2025-12-22,301,3,3.0,120,5,355,GBP,2025-12-22 19:03:17.293393
TXN485,2025-12-11,101,3,2.0,120,0,240,INR,2025-12-11 09:15:17.293393
TXN486,2025-12-18,301,3,3.0,120,5,355,GBP,2025-12-18 20:55:17.293393
TXN487,2025-12-14,202,5,1.0,60,5,63,USD,2025-12-14 16:02:17.293393
TXN488,2025-12-06,201,5,1.0,60,5,55,USD,2025-12-06 16:56:17.293393
TXN489,2025-11-25,301,2,,30,0,467,GBP,2025-11-25 11:45:17.293393
TXN490,2025-12-08,401,2,2.0,30,5,55,EUR,2025-12-09 02:22:17.293393
TXN491,2025-12-04,102,9999,1.0,800,10,790,INR,2025-12-04 23:44:17.293393
TXN492,2025-11-24,501,4,3.0,25,5,70,AUD,2025-11-24 14:38:17.293393
TXN493,2025-12-08,102,5,3.0,60,10,217,INR,2025-12-08 23:43:17.293393
TXN494,2025-11-24,301,3,,120,0,244,GBP,2025-11-25 04:47:17.293393
TXN495,2025-11-23,101,2,,30,5,195,INR,2025-11-23 13:21:17.293393
TXN496,2025-12-01,202,5,3.0,60,5,175,USD,2025-12-01 17:43:17.293393
TXN497,2025-12-20,202,3,,120,0,304,USD,2025-12-20 13:18:17.293393
TXN498,2025-12-10,202,4,2.0,25,10,21,USD,2025-12-11 02:47:17.293393
TXN499,2025-12-09,301,3,,120,10,449,GBP,2025-12-09 07:18:17.293393
TXN500,2025-11-29,501,3,,120,0,240,AUD,2025-11-30 00:17:17.293393
TXN501,2025-12-22,501,3,3.0,-120,0,-360,AUD,2025-12-23 00:57:17.293393
TXN502,2025-12-11,401,5,2.0,60,5,115,EUR,2025-12-11 20:31:17.293393
TXN503,2025-12-21,101,4,3.0,25,0,75,INR,2025-12-21 19:39:17.293393
TXN504,2025-12-13,301,5,,60,0,59,GBP,2025-12-13 14:23:17.293393
TXN505,2025-12-12,401,4,3.0,25,5,70,EUR,2025-12-12 10:58:17.293393
TXN506,2025-11-28,501,1,2.0,800,10,1590,AUD,2025-11-28 12:27:17.293393
TXN507,2025-11-28,9999,1,1.0,800,5,795,USD,2025-11-28 08:06:17.293393
TXN508,2025-11-26,201,5,2.0,60,5,115,USD,2025-11-27 02:39:17.293393
TXN509,2025-11-27,102,5,2.0,-60,10,-130,INR,2025-11-27 21:12:17.293393
TXN510,2025-12-20,301,3,,120,10,324,GBP,2025-12-21 00:31:17.293393
TXN511,2025-12-06,301,5,3.0,60,5,175,GBP,2025-12-06 17:45:17.293393
TXN512,2025-12-06,201,2,3.0,-30,10,-100,USD,2025-12-06 21:16:17.293393
TXN513,2025-12-10,101,9999,,25,5,418,INR,2025-12-10 18:01:17.293393
TXN514,2025-11-29,202,5,,60,0,376,USD,2025-11-29 14:14:17.293393
TXN515,2025-11-25,202,2,3.0,30,10,80,USD,2025-11-25 07:36:17.293393
TXN516,2025-11-28,102,3,1.0,120,10,110,INR,2025-11-28 16:12:17.293393
TXN517,2025-11-23,102,1,1.0,800,0,800,INR,2025-11-23 05:32:17.293393
TXN518,2025-11-30,101,2,1.0,30,5,25,INR,2025-11-30 17:56:17.293393
TXN519,2025-12-07,401,1,3.0,800,0,2430,EUR,2025-12-07 11:49:17.293393
TXN520,2025-12-21,501,3,,120,0,403,AUD,2025-12-21 13:42:17.293393
TXN521,2025-12-16,101,2,,30,0,276,INR,2025-12-16 15:55:17.293393
TXN522,2025-12-22,201,2,1.0,30,10,20,USD,2025-12-22 12:02:17.293393
TXN523,2025-12-04,101,2,1.0,30,5,25,INR,2025-12-04 09:21:17.293393
TXN524,2025-12-05,501,2,1.0,30,10,20,AUD,2025-12-05 17:56:17.293393
TXN525,2025-12-17,101,2,2.0,30,10,50,INR,2025-12-18 02:36:17.293393
TXN526,2025-11-24,101,3,2.0,120,0,249,INR,2025-11-25 03:16:17.293393
TXN527,2025-12-17,201,4,2.0,-25,5,-55,USD,2025-12-17 21:49:17.293393
TXN528,2025-12-15,202,5,3.0,60,5,178,USD,2025-12-15 21:15:17.293393
TXN529,2025-12-01,501,5,2.0,60,0,120,AUD,2025-12-01 20:45:17.293393
TXN530,2025-11-23,501,5,,60,0,327,AUD,2025-11-23 07:25:17.293393
TXN531,2025-12-14,301,4,2.0,25,5,45,GBP,2025-12-14 19:15:17.293393
TXN532,2025-12-13,201,9999,1.0,800,0,796,USD,2025-12-13 08:55:17.293393
TXN533,2025-12-08,102,1,1.0,800,5,795,INR,2025-12-08 14:00:17.293393
TXN534,2025-11-24,201,2,1.0,-30,0,-30,USD,2025-11-24 21:14:17.293393
TXN535,2025-12-18,401,1,3.0,800,5,2395,EUR,2025-12-19 02:19:17.293393
TXN536,2025-12-01,301,1,1.0,800,0,800,GBP,2025-12-01 13:09:17.293393
TXN537,2025-12-10,202,2,2.0,30,0,60,USD,2025-12-11 00:19:17.293393
TXN538,2025-12-06,401,1,3.0,800,10,2390,EUR,2025-12-06 11:25:17.293393
TXN539,2025-12-10,202,5,3.0,60,10,170,USD,2025-12-10 16:01:17.293393
TXN540,2025-12-10,201,3,,120,5,432,USD,2025-12-10 12:34:17.293393
TXN541,2025-12-05,501,5,3.0,60,5,175,AUD,2025-12-05 14:58:17.293393
TXN542,2025-12-12,101,5,2.0,60,5,123,INR,2025-12-13 04:48:17.293393
TXN543,2025-12-19,201,5,2.0,60,5,115,USD,2025-12-20 01:08:17.293393
TXN544,2025-11-30,102,3,3.0,120,5,355,INR,2025-11-30 16:20:17.293393
TXN545,2025-12-18,202,2,,30,10,369,USD,2025-12-18 15:31:17.293393
TXN546,2025-11-24,401,5,,60,0,481,EUR,2025-11-24 19:29:17.293393
TXN547,2025-12-22,501,1,2.0,800,10,1590,AUD,2025-12-22 07:06:17.293393
TXN548,2025-12-02,301,1,3.0,800,0,2400,GBP,2025-12-03 04:15:17.293393
TXN549,2025-12-16,202,4,1.0,25,5,20,USD,2025-12-16 21:30:17.293393
TXN550,2025-12-11,401,1,,800,5,266,EUR,2025-12-11 21:40:17.293393
TXN551,2025-12-10,102,4,,25,0,297,INR,2025-12-10 07:42:17.293393
TXN552,2025-12-01,501,4,3.0,25,10,97,AUD,2025-12-01 16:12:17.293393
TXN553,2025-12-04,301,1,3.0,800,5,2395,GBP,2025-12-04 10:14:17.293393
TXN554,2025-12-07,101,2,2.0,30,0,60,INR,2025-12-07 07:07:17.293393
TXN555,2025-11-30,301,2,3.0,-30,10,-100,GBP,2025-11-30 16:35:17.293393
TXN556,2025-11-29,401,5,2.0,60,10,110,EUR,2025-11-29 10:05:17.293393
TXN557,2025-12-15,401,1,,800,10,280,EUR,2025-12-16 05:02:17.293393
TXN558,2025-12-12,201,1,,800,0,44,USD,2025-12-13 03:47:17.293393
TXN559,2025-12-04,501,1,1.0,800,10,790,AUD,2025-12-04 08:39:17.293393
TXN560,2025-12-21,201,4,1.0,25,10,15,USD,2025-12-21 06:37:17.293393
TXN561,2025-11-30,301,3,3.0,120,10,374,GBP,2025-11-30 15:35:17.293393
TXN562,2025-11-30,301,9999,1.0,120,5,115,GBP,2025-12-01 00:12:17.293393
TXN563,2025-12-01,102,2,3.0,30,10,108,INR,2025-12-02 02:37:17.293393
TXN564,2025-12-14,102,4,2.0,25,5,45,INR,2025-12-14 23:46:17.293393
TXN565,2025-11-27,102,2,2.0,30,5,55,INR,2025-11-27 19:56:17.293393
TXN566,2025-12-22,501,2,2.0,30,10,50,AUD,2025-12-22 10:14:17.293393
TXN567,2025-12-16,101,3,,120,5,236,INR,2025-12-16 14:36:17.293393
TXN568,2025-11-27,501,2,1.0,30,0,30,AUD,2025-11-28 00:37:17.293393
TXN569,2025-12-12,102,5,2.0,60,0,120,INR,2025-12-12 22:24:17.293393
TXN570,2025-12-20,301,4,3.0,25,5,70,GBP,2025-12-20 06:22:17.293393
TXN571,2025-12-06,501,1,3.0,800,0,2400,AUD,2025-12-06 07:31:17.293393
TXN572,2025-11-28,202,9999,,60,5,464,USD,2025-11-28 18:15:17.293393
TXN573,2025-12-16,201,4,1.0,25,5,20,USD,2025-12-16 13:39:17.293393
TXN574,2025-12-09,301,4,1.0,25,10,15,GBP,2025-12-09 20:16:17.293393
TXN575,2025-12-05,201,3,,120,5,323,USD,2025-12-05 21:05:17.293393
TXN576,2025-12-19,401,4,1.0,25,0,74,EUR,2025-12-19 20:39:17.293393
TXN577,2025-11-23,102,4,2.0,25,0,50,INR,2025-11-23 10:51:17.293393
TXN578,2025-12-15,401,1,1.0,800,5,795,EUR,2025-12-15 22:43:17.293393
TXN579,2025-12-12,102,4,,-25,0,477,INR,2025-12-12 10:48:17.293393
TXN580,2025-12-20,102,2,1.0,30,5,25,INR,2025-12-20 11:26:17.293393
TXN581,2025-11-26,102,2,1.0,30,5,68,INR,2025-11-26 05:27:17.293393
TXN582,2025-12-12,202,2,2.0,30,5,55,USD,2025-12-12 05:29:17.293393
TXN583,2025-11-30,9999,3,2.0,-120,0,-216,GBP,2025-12-01 04:02:17.293393
TXN584,2025-12-11,501,5,3.0,60,0,213,AUD,2025-12-11 14:58:17.293393
TXN585,2025-12-12,401,5,2.0,60,10,110,EUR,2025-12-12 15:28:17.293393
TXN586,2025-12-03,201,4,1.0,25,10,55,USD,2025-12-03 14:38:17.293393
TXN587,2025-12-03,301,4,2.0,25,10,87,GBP,2025-12-04 04:46:17.293393
TXN588,2025-12-12,501,3,,120,5,142,AUD,2025-12-12 09:41:17.293393
TXN589,2025-12-12,301,4,,25,0,462,GBP,2025-12-12 05:19:17.293393
TXN590,2025-11-26,101,4,1.0,25,0,25,INR,2025-11-26 16:39:17.293393
TXN591,2025-12-04,301,2,1.0,30,10,20,GBP,2025-12-04 22:33:17.293393
TXN592,2025-12-10,201,1,1.0,800,5,795,USD,2025-12-10 11:15:17.293393
TXN593,2025-11-29,201,3,,120,0,339,USD,2025-11-29 23:35:17.293393
TXN594,2025-12-21,201,4,,25,0,437,USD,2025-12-22 00:13:17.293393
TXN595,2025-12-10,101,9999,3.0,30,5,84,INR,2025-12-10 18:04:17.293393
TXN596,2025-12-13,301,2,,30,0,452,GBP,2025-12-13 06:20:17.293393
TXN597,2025-12-01,202,1,,800,5,241,USD,2025-12-01 11:14:17.293393
TXN598,2025-11-26,201,1,2.0,800,5,1595,USD,2025-11-26 10:31:17.293393
TXN599,2025-11-29,201,4,3.0,25,0,75,USD,2025-11-29 22:53:17.293393
TXN600,2025-12-14,102,2,1.0,30,10,20,INR,2025-12-14 06:46:17.293393
TXN601,2025-12-14,9999,5,1.0,60,0,79,AUD,2025-12-15 03:04:17.293393
TXN602,2025-12-21,102,3,2.0,120,5,235,INR,2025-12-21 14:34:17.293393
TXN603,2025-11-27,102,3,1.0,-120,10,-130,INR,2025-11-28 00:01:17.293393
TXN604,2025-12-03,201,2,3.0,30,0,113,USD,2025-12-03 06:15:17.293393
TXN605,2025-12-08,401,1,1.0,800,0,800,EUR,2025-12-09 01:29:17.293393
TXN606,2025-12-13,501,4,3.0,25,0,75,AUD,2025-12-13 21:09:17.293393
TXN607,2025-12-11,102,1,,800,5,360,INR,2025-12-11 12:54:17.293393
TXN608,2025-11-27,501,5,3.0,60,5,197,AUD,2025-11-27 20:44:17.293393
TXN609,2025-12-08,101,1,,800,5,246,INR,2025-12-09 00:52:17.293393
TXN610,2025-11-27,301,1,,800,0,176,GBP,2025-11-27 21:00:17.293393
TXN611,2025-12-05,301,4,2.0,25,10,81,GBP,2025-12-06 04:57:17.293393
TXN612,2025-12-11,202,4,3.0,25,0,64,USD,2025-12-11 21:52:17.293393
TXN613,2025-11-26,301,5,,60,0,430,GBP,2025-11-27 01:41:17.293393
TXN614,2025-11-26,401,5,,60,10,355,EUR,2025-11-27 02:58:17.293393
TXN615,2025-12-18,101,2,2.0,30,5,55,INR,2025-12-19 04:31:17.293393
TXN616,2025-12-21,201,3,3.0,120,5,355,USD,2025-12-22 01:09:17.293393
TXN617,2025-11-23,301,5,,60,5,41,GBP,2025-11-24 00:22:17.293393
TXN618,2025-12-19,201,1,3.0,800,0,2400,USD,2025-12-19 18:19:17.293393
TXN619,2025-12-05,202,4,2.0,25,5,74,USD,2025-12-05 19:30:17.293393
TXN620,2025-11-27,201,2,2.0,-30,10,-28,USD,2025-11-27 09:54:17.293393
TXN621,2025-11-25,102,4,,25,10,319,INR,2025-11-25 19:44:17.293393
TXN622,2025-12-10,501,4,,25,0,227,AUD,2025-12-10 13:20:17.293393
TXN623,2025-12-15,301,3,,120,10,181,GBP,2025-12-15 09:07:17.293393
TXN624,2025-12-11,202,1,2.0,800,10,1590,USD,2025-12-11 21:08:17.293393
TXN625,2025-12-09,101,5,1.0,60,10,50,INR,2025-12-10 02:53:17.293393
TXN626,2025-12-10,9999,5,3.0,60,5,175,AUD,2025-12-10 21:16:17.293393
TXN627,2025-12-11,401,3,,120,5,176,EUR,2025-12-11 07:21:17.293393
TXN628,2025-12-13,202,5,2.0,60,10,110,USD,2025-12-13 15:03:17.293393
TXN629,2025-12-08,101,2,1.0,30,5,25,INR,2025-12-08 14:02:17.293393
TXN630,2025-11-23,401,1,2.0,800,10,1627,EUR,2025-11-24 05:11:17.293393
TXN631,2025-11-30,202,2,1.0,30,0,30,USD,2025-11-30 22:11:17.293393
TXN632,2025-12-17,202,4,2.0,25,10,40,USD,2025-12-17 17:02:17.293393
TXN633,2025-11-24,401,3,1.0,120,5,115,EUR,2025-11-24 23:26:17.293393
TXN634,2025-11-30,202,4,,25,10,455,USD,2025-11-30 18:18:17.293393
TXN635,2025-12-14,201,5,1.0,60,10,50,USD,2025-12-15 03:31:17.293393
TXN636,2025-12-20,201,3,3.0,120,0,360,USD,2025-12-21 04:18:17.293393
TXN637,2025-12-16,102,5,2.0,60,10,110,INR,2025-12-17 04:13:17.293393
TXN638,2025-11-23,501,1,1.0,800,10,827,AUD,2025-11-23 13:51:17.293393
TXN639,2025-11-29,101,1,1.0,800,10,790,INR,2025-11-30 03:02:17.293393
TXN640,2025-11-26,401,1,1.0,800,0,800,EUR,2025-11-26 11:34:17.293393
TXN641,2025-12-21,101,2,3.0,30,10,80,INR,2025-12-21 14:42:17.293393
TXN642,2025-12-17,202,3,3.0,120,0,360,USD,2025-12-17 07:19:17.293393
TXN643,2025-12-01,501,3,2.0,120,5,235,AUD,2025-12-02 03:17:17.293393
TXN644,2025-12-08,101,2,,30,10,64,INR,2025-12-08 07:45:17.293393
TXN645,2025-11-25,9999,9999,,-120,5,86,GBP,2025-11-25 18:35:17.293393
TXN646,2025-12-01,102,3,,120,10,372,INR,2025-12-01 07:39:17.293393
TXN647,2025-12-10,102,1,,800,5,72,INR,2025-12-11 04:32:17.293393
TXN648,2025-12-02,202,1,1.0,800,5,833,USD,2025-12-02 12:11:17.293393
TXN649,2025-11-28,301,1,,800,5,366,GBP,2025-11-28 21:52:17.293393
TXN650,2025-11-25,401,4,2.0,25,0,60,EUR,2025-11-25 23:43:17.293393
TXN651,2025-12-13,201,4,,25,0,28,USD,2025-12-13 19:06:17.293393
TXN652,2025-11-26,102,5,,60,10,86,INR,2025-11-26 10:05:17.293393
TXN653,2025-12-08,401,9999,,800,10,33,EUR,2025-12-09 02:51:17.293393
TXN654,2025-11-24,201,1,,800,10,42,USD,2025-11-25 02:16:17.293393
TXN655,2025-11-30,101,2,,30,10,357,INR,2025-11-30 23:53:17.293393
TXN656,2025-11-27,201,2,1.0,30,5,40,USD,2025-11-28 05:02:17.293393
TXN657,2025-12-04,301,9999,,30,10,58,GBP,2025-12-04 21:53:17.293393
TXN658,2025-11-25,101,1,2.0,800,10,1590,INR,2025-11-25 21:30:17.293393
TXN659,2025-12-15,102,2,2.0,30,10,50,INR,2025-12-16 04:52:17.293393
TXN660,2025-11-24,301,2,,30,0,331,GBP,2025-11-25 00:18:17.293393
TXN661,2025-11-30,102,1,1.0,800,10,790,INR,2025-11-30 12:22:17.293393
TXN662,2025-12-01,101,2,1.0,30,10,20,INR,2025-12-01 10:43:17.293393
TXN663,2025-12-14,101,1,3.0,800,5,2395,INR,2025-12-14 20:44:17.293393
TXN664,2025-11-24,101,1,2.0,800,0,1600,INR,2025-11-24 20:26:17.293393
TXN665,2025-12-11,301,3,,120,10,469,GBP,2025-12-11 08:36:17.293393
TXN666,2025-11-30,401,4,2.0,25,0,92,EUR,2025-11-30 12:38:17.293393
TXN667,2025-12-22,301,4,2.0,25,0,50,GBP,2025-12-22 14:28:17.293393
TXN668,2025-11-29,201,2,1.0,30,0,30,USD,2025-11-29 19:32:17.293393
TXN669,2025-11-28,501,3,2.0,120,10,231,AUD,2025-11-28 13:06:17.293393
TXN670,2025-11-25,202,9999,,60,0,312,USD,2025-11-25 19:52:17.293393
TXN671,2025-12-16,501,2,2.0,30,10,50,AUD,2025-12-17 00:50:17.293393
TXN672,2025-12-21,101,4,1.0,-25,5,-30,INR,2025-12-21 18:43:17.293393
TXN673,2025-12-08,501,1,,800,0,295,AUD,2025-12-08 12:42:17.293393
TXN674,2025-11-27,201,3,2.0,120,0,259,USD,2025-11-28 00:44:17.293393
TXN675,2025-12-16,301,1,,800,0,457,GBP,2025-12-17 02:39:17.293393
TXN676,2025-12-07,9999,1,1.0,800,10,790,EUR,2025-12-07 14:28:17.293393
TXN677,2025-12-15,301,5,2.0,60,0,120,GBP,2025-12-15 22:50:17.293393
TXN678,2025-12-22,9999,3,1.0,120,5,115,EUR,2025-12-23 03:23:17.293393
TXN679,2025-12-10,401,1,2.0,800,5,1595,EUR,2025-12-11 01:04:17.293393
TXN680,2025-12-20,401,2,2.0,30,5,55,EUR,2025-12-20 17:59:17.293393
TXN681,2025-12-04,202,4,1.0,25,10,15,USD,2025-12-05 02:27:17.293393
TXN682,2025-12-04,501,1,2.0,800,5,1625,AUD,2025-12-04 07:53:17.293393
TXN683,2025-11-26,102,3,1.0,120,5,121,INR,2025-11-26 15:16:17.293393
TXN684,2025-12-06,401,5,2.0,60,5,115,EUR,2025-12-06 07:24:17.293393
TXN685,2025-11-23,501,2,3.0,30,5,85,AUD,2025-11-24 03:59:17.293393
TXN686,2025-12-15,301,5,,60,10,77,GBP,2025-12-15 13:00:17.293393
TXN687,2025-12-08,201,3,1.0,120,5,115,USD,2025-12-08 23:32:17.293393
TXN688,2025-12-02,102,2,2.0,30,0,80,INR,2025-12-02 17:53:17.293393
TXN689,2025-11-28,102,5,1.0,60,5,92,INR,2025-11-28 15:33:17.293393
TXN690,2025-11-26,9999,4,,25,5,485,INR,2025-11-26 22:35:17.293393
TXN691,2025-12-03,401,3,,120,10,387,EUR,2025-12-03 21:36:17.293393
TXN692,2025-12-21,101,2,1.0,30,5,25,INR,2025-12-21 16:24:17.293393
TXN693,2025-11-24,301,2,2.0,30,5,45,GBP,2025-11-25 04:11:17.293393
TXN694,2025-11-25,301,4,2.0,25,10,40,GBP,2025-11-25 17:35:17.293393
TXN695,2025-12-05,102,4,3.0,25,0,75,INR,2025-12-06 00:24:17.293393
TXN696,2025-11-25,102,4,,25,5,93,INR,2025-11-25 19:24:17.293393
TXN697,2025-11-27,501,5,1.0,60,5,55,AUD,2025-11-27 07:31:17.293393
TXN698,2025-12-22,301,4,1.0,-25,10,-35,GBP,2025-12-23 00:39:17.293393
TXN699,2025-12-17,9999,2,2.0,30,5,55,INR,2025-12-18 01:14:17.293393
TXN700,2025-12-02,202,5,,60,0,88,USD,2025-12-02 21:23:17.293393
TXN701,2025-11-26,401,3,,120,10,340,EUR,2025-11-26 07:32:17.293393
TXN702,2025-12-12,401,3,,120,5,331,EUR,2025-12-12 18:00:17.293393
TXN703,2025-12-09,401,5,1.0,60,0,60,EUR,2025-12-10 04:55:17.293393
TXN704,2025-11-27,201,9999,1.0,30,5,25,USD,2025-11-27 15:13:17.293393
TXN705,2025-12-09,401,1,2.0,800,0,1600,EUR,2025-12-09 16:16:17.293393
TXN706,2025-12-20,201,3,3.0,120,10,350,USD,2025-12-20 10:10:17.293393
TXN707,2025-11-23,102,5,3.0,60,5,175,INR,2025-11-23 12:42:17.293393
TXN708,2025-11-27,301,2,2.0,30,10,50,GBP,2025-11-27 23:25:17.293393
TXN709,2025-12-15,301,1,,800,0,69,GBP,2025-12-15 15:54:17.293393
TXN710,2025-12-15,201,2,,30,10,277,USD,2025-12-15 06:14:17.293393
TXN711,2025-12-16,501,1,2.0,800,10,1599,AUD,2025-12-16 07:56:17.293393
TXN712,2025-12-06,9999,1,1.0,-800,5,-805,EUR,2025-12-07 03:47:17.293393
TXN713,2025-12-09,301,1,,800,5,13,GBP,2025-12-10 01:48:17.293393
TXN714,2025-11-29,301,2,2.0,30,0,75,GBP,2025-11-29 10:44:17.293393
TXN715,2025-12-20,301,5,2.0,60,0,101,GBP,2025-12-20 14:53:17.293393
TXN716,2025-11-28,501,5,1.0,60,0,60,AUD,2025-11-28 21:28:17.293393
TXN717,2025-12-04,401,5,2.0,60,0,145,EUR,2025-12-04 22:49:17.293393
TXN718,2025-11-30,202,1,3.0,800,0,2400,USD,2025-11-30 15:06:17.293393
TXN719,2025-12-10,401,1,1.0,800,0,800,EUR,2025-12-11 04:43:17.293393
TXN720,2025-12-19,202,2,,30,5,106,USD,2025-12-20 04:26:17.293393
TXN721,2025-12-04,102,1,,800,5,234,INR,2025-12-04 18:44:17.293393
TXN722,2025-12-05,401,5,1.0,60,0,65,EUR,2025-12-05 19:03:17.293393
TXN723,2025-11-26,102,4,,25,10,402,INR,2025-11-27 03:14:17.293393
TXN724,2025-12-05,201,4,,25,10,190,USD,2025-12-05 22:14:17.293393
TXN725,2025-11-30,401,9999,1.0,30,0,30,EUR,2025-11-30 11:22:17.293393
TXN726,2025-12-05,301,3,2.0,120,10,219,GBP,2025-12-05 22:04:17.293393
TXN727,2025-12-18,202,2,3.0,30,5,85,USD,2025-12-18 23:43:17.293393
TXN728,2025-12-10,101,1,,800,0,206,INR,2025-12-10 06:29:17.293393
TXN729,2025-11-24,102,5,3.0,60,0,180,INR,2025-11-24 21:54:17.293393
TXN730,2025-12-17,101,5,,60,10,286,INR,2025-12-17 22:33:17.293393
TXN731,2025-11-24,202,3,,120,5,325,USD,2025-11-24 07:21:17.293393
TXN732,2025-11-23,301,1,2.0,800,5,1595,GBP,2025-11-24 02:36:17.293393
TXN733,2025-12-03,202,1,,800,5,220,USD,2025-12-04 03:23:17.293393
TXN734,2025-12-02,9999,1,1.0,800,0,800,GBP,2025-12-02 20:59:17.293393
TXN735,2025-12-14,501,4,,25,10,250,AUD,2025-12-14 18:35:17.293393
TXN736,2025-12-03,301,1,,800,10,115,GBP,2025-12-03 16:51:17.293393
TXN737,2025-11-28,301,3,3.0,120,0,360,GBP,2025-11-28 23:33:17.293393
TXN738,2025-11-29,201,3,1.0,120,10,110,USD,2025-11-29 08:24:17.293393
TXN739,2025-12-15,501,5,1.0,60,5,102,AUD,2025-12-15 07:53:17.293393
TXN740,2025-12-13,501,3,3.0,120,10,350,AUD,2025-12-13 22:51:17.293393
TXN741,2025-12-07,401,5,2.0,60,10,110,EUR,2025-12-07 12:32:17.293393
TXN742,2025-12-14,501,4,3.0,25,10,65,AUD,2025-12-15 00:35:17.293393
TXN743,2025-12-16,401,1,2.0,800,0,1600,EUR,2025-12-16 20:07:17.293393
TXN744,2025-12-06,201,1,2.0,800,5,1595,USD,2025-12-07 01:47:17.293393
TXN745,2025-11-30,202,2,1.0,30,0,30,USD,2025-12-01 00:22:17.293393
TXN746,2025-12-06,202,1,2.0,800,0,1615,USD,2025-12-06 06:42:17.293393
TXN747,2025-12-16,202,1,1.0,800,0,800,USD,2025-12-16 19:09:17.293393
TXN748,2025-12-21,201,1,,800,10,435,USD,2025-12-21 09:23:17.293393
TXN749,2025-12-09,401,5,3.0,60,0,180,EUR,2025-12-09 16:30:17.293393
TXN750,2025-12-19,301,4,2.0,25,0,52,GBP,2025-12-19 19:12:17.293393
TXN751,2025-12-01,501,5,1.0,60,5,55,AUD,2025-12-01 21:28:17.293393
TXN752,2025-12-14,102,3,2.0,120,10,230,INR,2025-12-15 01:56:17.293393
TXN753,2025-11-24,501,1,2.0,800,5,1595,AUD,2025-11-25 04:39:17.293393
TXN754,2025-11-26,301,2,,30,5,484,GBP,2025-11-26 13:18:17.293393
TXN755,2025-12-02,102,2,,30,10,218,INR,2025-12-02 22:02:17.293393
TXN756,2025-12-08,401,4,3.0,25,0,75,EUR,2025-12-08 17:16:17.293393
TXN757,2025-12-06,301,5,3.0,60,0,180,GBP,2025-12-06 20:24:17.293393
TXN758,2025-12-18,401,2,1.0,30,10,20,EUR,2025-12-18 13:47:17.293393
TXN759,2025-12-09,401,2,,30,5,241,EUR,2025-12-10 04:43:17.293393
TXN760,2025-12-11,501,3,3.0,120,5,355,AUD,2025-12-12 00:44:17.293393
TXN761,2025-11-30,9999,1,2.0,800,5,1596,INR,2025-12-01 01:45:17.293393
TXN762,2025-12-01,102,1,3.0,800,10,2437,INR,2025-12-01 20:45:17.293393
TXN763,2025-12-19,401,4,1.0,25,0,39,EUR,2025-12-19 09:42:17.293393
TXN764,2025-12-06,501,2,2.0,30,5,55,AUD,2025-12-06 10:14:17.293393
TXN765,2025-11-23,201,3,2.0,120,0,240,USD,2025-11-23 05:37:17.293393
TXN766,2025-12-08,102,3,,120,10,206,INR,2025-12-08 08:31:17.293393
TXN767,2025-12-10,101,1,3.0,800,5,2395,INR,2025-12-11 01:41:17.293393
TXN768,2025-12-15,401,1,1.0,800,10,790,EUR,2025-12-15 09:46:17.293393
TXN769,2025-12-21,301,1,2.0,800,10,1590,GBP,2025-12-21 08:19:17.293393
TXN770,2025-12-03,401,5,,60,0,166,EUR,2025-12-03 14:51:17.293393
TXN771,2025-12-16,201,4,3.0,25,5,70,USD,2025-12-16 15:57:17.293393
TXN772,2025-12-06,102,3,,120,0,294,INR,2025-12-06 07:04:17.293393
TXN773,2025-11-29,102,1,2.0,800,5,1595,INR,2025-11-29 22:09:17.293393
TXN774,2025-11-24,202,3,,120,0,443,USD,2025-11-24 12:13:17.293393
TXN775,2025-12-20,201,2,2.0,30,5,55,USD,2025-12-20 05:24:17.293393
TXN776,2025-12-09,501,5,2.0,60,0,120,AUD,2025-12-09 16:29:17.293393
TXN777,2025-11-23,9999,1,,800,0,438,USD,2025-11-24 03:46:17.293393
TXN778,2025-12-08,202,3,1.0,120,0,120,USD,2025-12-09 00:41:17.293393
TXN779,2025-11-27,102,1,3.0,800,0,2400,INR,2025-11-27 08:25:17.293393
TXN780,2025-12-05,201,2,2.0,30,5,61,USD,2025-12-05 14:59:17.293393
TXN781,2025-12-13,501,2,1.0,30,5,25,AUD,2025-12-14 01:51:17.293393
TXN782,2025-11-27,201,1,3.0,800,5,2395,USD,2025-11-28 01:45:17.293393
TXN783,2025-12-06,101,4,3.0,25,5,70,INR,2025-12-06 21:05:17.293393
TXN784,2025-12-14,102,2,,30,10,317,INR,2025-12-14 21:34:17.293393
TXN785,2025-12-02,102,2,3.0,30,10,80,INR,2025-12-02 06:48:17.293393
TXN786,2025-12-09,101,5,,60,5,348,INR,2025-12-10 01:15:17.293393
TXN787,2025-11-25,501,5,1.0,60,10,50,AUD,2025-11-25 06:48:17.293393
TXN788,2025-11-25,202,3,3.0,120,5,355,USD,2025-11-25 16:55:17.293393
TXN789,2025-12-22,501,2,2.0,30,10,50,AUD,2025-12-22 20:04:17.293393
TXN790,2025-12-10,101,1,,800,0,345,INR,2025-12-11 01:48:17.293393
TXN791,2025-12-16,202,3,3.0,120,10,350,USD,2025-12-16 09:52:17.293393
TXN792,2025-11-23,102,1,1.0,800,0,800,INR,2025-11-24 03:26:17.293393
TXN793,2025-11-30,9999,5,2.0,60,5,149,USD,2025-11-30 10:28:17.293393
TXN794,2025-12-16,401,4,,25,5,309,EUR,2025-12-16 18:38:17.293393
TXN795,2025-11-24,201,1,1.0,800,10,790,USD,2025-11-25 01:01:17.293393
TXN796,2025-12-12,401,5,3.0,-60,5,-185,EUR,2025-12-13 04:25:17.293393
TXN797,2025-12-21,501,4,2.0,25,10,60,AUD,2025-12-22 03:23:17.293393
TXN798,2025-12-06,202,1,,800,10,187,USD,2025-12-06 11:49:17.293393
TXN799,2025-12-08,201,4,2.0,25,10,40,USD,2025-12-09 03:41:17.293393
TXN800,2025-12-07,102,3,,120,10,344,INR,2025-12-07 10:47:17.293393
TXN801,2025-12-12,102,3,1.0,120,0,120,INR,2025-12-12 19:27:17.293393
TXN802,2025-12-08,201,2,2.0,30,0,60,USD,2025-12-08 11:13:17.293393
TXN803,2025-12-19,501,5,1.0,60,5,55,AUD,2025-12-19 12:54:17.293393
TXN804,2025-12-08,201,3,3.0,120,10,350,USD,2025-12-08 22:51:17.293393
TXN805,2025-12-12,401,1,1.0,800,5,795,EUR,2025-12-12 08:52:17.293393
TXN806,2025-12-18,301,5,1.0,60,0,60,GBP,2025-12-18 12:16:17.293393
TXN807,2025-12-22,201,2,3.0,30,10,80,USD,2025-12-22 17:40:17.293393
TXN808,2025-12-03,501,9999,1.0,30,5,25,AUD,2025-12-03 21:26:17.293393
TXN809,2025-12-03,201,5,2.0,60,5,115,USD,2025-12-03 13:38:17.293393
TXN810,2025-11-27,501,5,,60,0,420,AUD,2025-11-27 22:53:17.293393
TXN811,2025-12-18,401,3,1.0,120,0,120,EUR,2025-12-18 16:48:17.293393
TXN812,2025-12-03,202,2,,30,0,348,USD,2025-12-04 02:49:17.293393
TXN813,2025-12-15,501,5,3.0,60,10,170,AUD,2025-12-15 15:58:17.293393
TXN814,2025-12-22,201,1,3.0,800,10,2390,USD,2025-12-22 12:16:17.293393
TXN815,2025-12-21,301,5,,60,10,217,GBP,2025-12-21 23:36:17.293393
TXN816,2025-12-03,202,2,3.0,30,10,80,USD,2025-12-03 10:43:17.293393
TXN817,2025-11-23,101,5,3.0,60,5,175,INR,2025-11-23 07:18:17.293393
TXN818,2025-12-19,201,3,3.0,120,10,350,USD,2025-12-19 05:26:17.293393
TXN819,2025-12-07,201,2,2.0,30,5,55,USD,2025-12-07 10:02:17.293393
TXN820,2025-12-15,202,5,2.0,60,10,110,USD,2025-12-15 08:36:17.293393
TXN821,2025-11-27,401,4,,25,0,227,EUR,2025-11-27 17:52:17.293393
TXN822,2025-12-14,301,4,,25,10,265,GBP,2025-12-14 21:58:17.293393
TXN823,2025-12-16,202,2,2.0,30,5,55,USD,2025-12-16 23:19:17.293393
TXN824,2025-11-26,401,2,,30,10,90,EUR,2025-11-27 01:48:17.293393
TXN825,2025-12-20,202,1,1.0,800,5,794,USD,2025-12-20 18:02:17.293393
TXN826,2025-12-02,201,4,1.0,25,0,25,USD,2025-12-02 15:40:17.293393
TXN827,2025-12-21,201,2,2.0,30,5,105,USD,2025-12-21 19:31:17.293393
TXN828,2025-12-08,301,3,,120,5,253,GBP,2025-12-08 09:59:17.293393
TXN829,2025-12-09,401,4,,25,0,453,EUR,2025-12-10 02:33:17.293393
TXN830,2025-12-06,202,2,,30,0,500,USD,2025-12-06 08:17:17.293393
TXN831,2025-12-20,102,1,3.0,800,0,2400,INR,2025-12-20 23:45:17.293393
TXN832,2025-12-11,501,1,2.0,800,10,1590,AUD,2025-12-11 11:24:17.293393
TXN833,2025-11-23,201,2,2.0,30,10,50,USD,2025-11-23 18:58:17.293393
TXN834,2025-12-11,101,4,1.0,25,0,25,INR,2025-12-11 14:02:17.293393
TXN835,2025-11-25,101,1,2.0,800,0,1600,INR,2025-11-25 19:10:17.293393
TXN836,2025-12-14,102,1,3.0,800,10,2419,INR,2025-12-14 16:19:17.293393
TXN837,2025-12-01,202,1,1.0,800,10,790,USD,2025-12-01 18:24:17.293393
TXN838,2025-11-26,201,1,3.0,800,5,2378,USD,2025-11-26 05:54:17.293393
TXN839,2025-12-01,301,5,1.0,60,10,50,GBP,2025-12-01 20:29:17.293393
TXN840,2025-11-25,501,5,2.0,60,0,120,AUD,2025-11-25 23:36:17.293393
TXN841,2025-12-06,301,4,1.0,-25,5,-30,GBP,2025-12-06 10:58:17.293393
TXN842,2025-11-23,101,4,3.0,25,10,65,INR,2025-11-24 01:14:17.293393
TXN843,2025-12-19,301,3,1.0,120,10,110,GBP,2025-12-19 09:27:17.293393
TXN844,2025-12-19,102,5,3.0,60,0,180,INR,2025-12-20 04:32:17.293393
TXN845,2025-12-03,401,3,,120,10,174,EUR,2025-12-03 05:48:17.293393
TXN846,2025-12-22,401,2,1.0,30,0,30,EUR,2025-12-23 05:02:17.293393
TXN847,2025-12-15,202,4,1.0,25,10,15,USD,2025-12-16 04:11:17.293393
TXN848,2025-12-07,401,1,3.0,800,5,2395,EUR,2025-12-08 05:03:17.293393
TXN849,2025-11-23,101,4,3.0,25,5,52,INR,2025-11-23 17:28:17.293393
TXN850,2025-11-29,101,5,3.0,60,0,180,INR,2025-11-29 14:50:17.293393
TXN851,2025-12-08,401,5,2.0,-60,10,-130,EUR,2025-12-08 22:07:17.293393
TXN852,2025-11-28,301,2,2.0,30,0,60,GBP,2025-11-28 13:02:17.293393
TXN853,2025-12-21,301,3,2.0,120,0,240,GBP,2025-12-21 13:53:17.293393
TXN854,2025-12-14,301,4,1.0,25,10,15,GBP,2025-12-14 16:17:17.293393
TXN855,2025-12-06,501,4,3.0,25,10,65,AUD,2025-12-06 12:55:17.293393
TXN856,2025-11-24,201,4,,25,5,109,USD,2025-11-24 12:58:17.293393
TXN857,2025-12-15,202,1,2.0,800,5,1595,USD,2025-12-15 21:38:17.293393
TXN858,2025-12-06,501,1,3.0,800,0,2410,AUD,2025-12-06 16:39:17.293393
TXN859,2025-12-09,501,2,1.0,30,10,20,AUD,2025-12-09 09:31:17.293393
TXN860,2025-11-25,101,1,,800,10,43,INR,2025-11-25 07:08:17.293393
TXN861,2025-12-02,301,4,1.0,25,0,25,GBP,2025-12-02 08:32:17.293393
TXN862,2025-12-12,501,4,2.0,25,10,40,AUD,2025-12-12 19:52:17.293393
TXN863,2025-12-21,301,5,1.0,60,10,50,GBP,2025-12-21 11:50:17.293393
TXN864,2025-11-26,101,1,1.0,800,0,800,INR,2025-11-26 17:23:17.293393
TXN865,2025-12-06,202,5,,60,0,414,USD,2025-12-07 03:30:17.293393
TXN866,2025-12-17,201,3,2.0,120,5,235,USD,2025-12-17 22:56:17.293393
TXN867,2025-12-11,401,2,1.0,30,10,20,EUR,2025-12-11 12:06:17.293393
TXN868,2025-12-13,102,1,3.0,800,5,2395,INR,2025-12-13 16:34:17.293393
TXN869,2025-12-20,301,5,3.0,60,5,175,GBP,2025-12-20 06:42:17.293393
TXN870,2025-12-08,102,1,2.0,800,5,1595,INR,2025-12-08 16:34:17.293393
TXN871,2025-12-18,401,9999,2.0,25,0,50,EUR,2025-12-18 09:11:17.293393
TXN872,2025-11-27,201,4,2.0,25,5,28,USD,2025-11-27 12:44:17.293393
TXN873,2025-12-21,201,2,3.0,30,0,72,USD,2025-12-21 08:43:17.293393
TXN874,2025-11-23,501,2,,30,0,183,AUD,2025-11-23 17:58:17.293393
TXN875,2025-12-14,102,5,,60,0,66,INR,2025-12-14 18:10:17.293393
TXN876,2025-12-15,201,3,,120,0,485,USD,2025-12-15 10:20:17.293393
TXN877,2025-12-03,102,1,3.0,800,10,2390,INR,2025-12-03 08:02:17.293393
TXN878,2025-12-18,202,5,1.0,60,5,55,USD,2025-12-18 22:17:17.293393
TXN879,2025-12-09,202,2,3.0,30,10,80,USD,2025-12-09 14:25:17.293393
TXN880,2025-12-11,202,5,1.0,60,0,60,USD,2025-12-11 19:46:17.293393
TXN881,2025-12-21,202,5,2.0,60,5,115,USD,2025-12-21 15:20:17.293393
TXN882,2025-12-07,301,3,2.0,120,5,235,GBP,2025-12-07 20:01:17.293393
TXN883,2025-12-06,201,4,3.0,25,0,84,USD,2025-12-06 08:04:17.293393
TXN884,2025-12-02,501,5,1.0,60,0,49,AUD,2025-12-02 16:39:17.293393
TXN885,2025-11-29,401,3,3.0,120,10,350,EUR,2025-11-29 09:58:17.293393
TXN886,2025-12-20,501,5,3.0,-60,5,-185,AUD,2025-12-20 19:06:17.293393
TXN887,2025-12-19,301,1,,800,0,453,GBP,2025-12-19 21:27:17.293393
TXN888,2025-11-30,301,5,,60,5,184,GBP,2025-12-01 05:05:17.293393
TXN889,2025-12-06,102,4,,25,0,197,INR,2025-12-06 22:19:17.293393
TXN890,2025-12-18,401,3,3.0,120,5,355,EUR,2025-12-18 23:37:17.293393
TXN891,2025-12-02,201,5,1.0,60,0,60,USD,2025-12-02 16:32:17.293393
TXN892,2025-12-11,401,5,,60,0,495,EUR,2025-12-11 08:58:17.293393
TXN893,2025-12-03,301,4,3.0,25,0,75,GBP,2025-12-04 01:51:17.293393
TXN894,2025-12-08,101,2,2.0,30,5,55,INR,2025-12-08 07:39:17.293393
TXN895,2025-12-07,101,3,1.0,120,5,115,INR,2025-12-07 19:32:17.293393
TXN896,2025-12-08,401,1,,800,0,76,EUR,2025-12-09 03:57:17.293393
TXN897,2025-12-08,102,5,3.0,60,10,170,INR,2025-12-08 10:08:17.293393
TXN898,2025-12-07,101,4,2.0,25,10,40,INR,2025-12-07 08:22:17.293393
TXN899,2025-12-02,401,4,3.0,25,10,65,EUR,2025-12-02 11:14:17.293393
TXN900,2025-12-06,102,2,,30,10,103,INR,2025-12-06 06:45:17.293393
TXN901,2025-11-30,501,2,3.0,30,10,80,AUD,2025-11-30 12:40:17.293393
TXN902,2025-12-22,202,4,1.0,25,0,25,USD,2025-12-22 19:15:17.293393
TXN903,2025-12-07,102,3,2.0,120,5,274,INR,2025-12-07 11:54:17.293393
TXN904,2025-12-05,101,1,3.0,800,0,2400,INR,2025-12-05 07:35:17.293393
TXN905,2025-11-25,301,2,,30,5,422,GBP,2025-11-25 09:30:17.293393
TXN906,2025-12-10,401,4,2.0,25,0,50,EUR,2025-12-10 12:39:17.293393
TXN907,2025-12-15,101,5,2.0,60,0,120,INR,2025-12-16 03:47:17.293393
TXN908,2025-12-21,101,4,3.0,25,10,93,INR,2025-12-21 18:03:17.293393
TXN909,2025-12-22,102,2,1.0,-30,0,-30,INR,2025-12-23 04:06:17.293393
TXN910,2025-11-25,102,1,2.0,800,0,1600,INR,2025-11-26 00:27:17.293393
TXN911,2025-12-13,102,5,2.0,60,5,115,INR,2025-12-13 17:26:17.293393
TXN912,2025-12-03,102,1,,800,0,209,INR,2025-12-03 14:46:17.293393
TXN913,2025-12-13,301,3,1.0,120,0,120,GBP,2025-12-13 08:44:17.293393
TXN914,2025-12-15,301,5,2.0,60,0,120,GBP,2025-12-16 04:24:17.293393
TXN915,2025-12-22,501,2,3.0,30,10,80,AUD,2025-12-22 16:42:17.293393
TXN916,2025-11-23,301,5,,60,10,389,GBP,2025-11-23 13:12:17.293393
TXN917,2025-11-23,301,1,3.0,800,5,2395,GBP,2025-11-23 18:03:17.293393
TXN918,2025-12-08,201,2,2.0,30,10,86,USD,2025-12-08 14:45:17.293393
TXN919,2025-12-03,401,1,,800,5,416,EUR,2025-12-03 07:06:17.293393
TXN920,2025-12-22,401,2,2.0,30,5,55,EUR,2025-12-22 07:28:17.293393
TXN921,2025-12-20,202,1,2.0,800,0,1600,USD,2025-12-21 00:00:17.293393
TXN922,2025-12-19,501,2,2.0,30,5,55,AUD,2025-12-19 13:37:17.293393
TXN923,2025-12-06,102,5,2.0,60,10,110,INR,2025-12-06 21:41:17.293393
TXN924,2025-11-25,201,4,,25,5,226,USD,2025-11-25 21:43:17.293393
TXN925,2025-11-23,501,4,,25,5,314,AUD,2025-11-23 18:15:17.293393
TXN926,2025-12-07,201,4,3.0,25,10,65,USD,2025-12-07 11:56:17.293393
TXN927,2025-11-27,102,1,1.0,800,10,790,INR,2025-11-27 18:44:17.293393
TXN928,2025-12-16,9999,4,,25,10,46,USD,2025-12-16 18:24:17.293393
TXN929,2025-12-22,301,2,2.0,30,5,55,GBP,2025-12-22 21:56:17.293393
TXN930,2025-12-13,401,9999,1.0,120,5,115,EUR,2025-12-13 17:36:17.293393
TXN931,2025-12-13,401,1,2.0,800,5,1595,EUR,2025-12-14 01:00:17.293393
TXN932,2025-12-14,501,2,1.0,30,0,30,AUD,2025-12-15 01:16:17.293393
TXN933,2025-12-21,101,5,2.0,60,0,120,INR,2025-12-21 23:27:17.293393
TXN934,2025-12-14,202,5,3.0,60,10,170,USD,2025-12-14 17:01:17.293393
TXN935,2025-12-19,9999,3,2.0,120,5,235,INR,2025-12-19 22:03:17.293393
TXN936,2025-11-23,101,1,,800,10,157,INR,2025-11-23 09:51:17.293393
TXN937,2025-11-29,202,2,1.0,30,0,17,USD,2025-11-29 11:48:17.293393
TXN938,2025-12-01,501,4,,25,10,65,AUD,2025-12-01 18:09:17.293393
TXN939,2025-11-26,201,1,3.0,-800,0,-2400,USD,2025-11-26 07:21:17.293393
TXN940,2025-12-01,501,1,1.0,800,10,790,AUD,2025-12-01 14:20:17.293393
TXN941,2025-12-22,202,4,3.0,25,5,70,USD,2025-12-22 13:26:17.293393
TXN942,2025-12-04,401,4,,25,5,457,EUR,2025-12-05 05:06:17.293393
TXN943,2025-12-05,401,2,1.0,30,10,20,EUR,2025-12-05 17:50:17.293393
TXN944,2025-12-07,301,9999,,25,0,336,GBP,2025-12-07 17:33:17.293393
TXN945,2025-12-20,101,3,,120,5,214,INR,2025-12-20 21:31:17.293393
TXN946,2025-12-14,501,1,,800,0,420,AUD,2025-12-14 22:29:17.293393
TXN947,2025-11-24,102,4,1.0,25,10,15,INR,2025-11-24 20:29:17.293393
TXN948,2025-11-26,202,5,2.0,60,0,120,USD,2025-11-26 20:06:17.293393
TXN949,2025-12-15,101,2,3.0,30,5,85,INR,2025-12-16 04:09:17.293393
TXN950,2025-11-26,401,2,,30,10,180,EUR,2025-11-27 01:46:17.293393
TXN951,2025-11-25,401,3,,120,10,386,EUR,2025-11-25 20:10:17.293393
TXN952,2025-12-18,102,2,3.0,30,0,113,INR,2025-12-18 09:13:17.293393
TXN953,2025-12-11,201,2,3.0,30,10,80,USD,2025-12-11 11:44:17.293393
TXN954,2025-12-20,202,4,3.0,25,10,65,USD,2025-12-21 01:25:17.293393
TXN955,2025-11-30,101,4,1.0,25,5,20,INR,2025-11-30 12:44:17.293393
TXN956,2025-12-08,401,4,2.0,25,0,50,EUR,2025-12-08 06:26:17.293393
TXN957,2025-12-12,201,3,1.0,120,10,110,USD,2025-12-12 15:12:17.293393
TXN958,2025-12-15,202,1,3.0,800,10,2390,USD,2025-12-16 05:10:17.293393
TXN959,2025-12-16,101,2,,30,5,427,INR,2025-12-16 23:58:17.293393
TXN960,2025-12-05,201,4,,25,5,226,USD,2025-12-06 05:11:17.293393
TXN961,2025-12-20,301,4,1.0,25,10,15,GBP,2025-12-20 15:38:17.293393
TXN962,2025-12-07,401,2,2.0,30,5,55,EUR,2025-12-07 11:56:17.293393
TXN963,2025-12-16,401,1,3.0,800,10,2388,EUR,2025-12-17 04:27:17.293393
TXN964,2025-12-19,102,1,1.0,800,5,781,INR,2025-12-19 16:49:17.293393
TXN965,2025-12-11,202,2,,30,0,133,USD,2025-12-11 11:09:17.293393
TXN966,2025-12-13,401,4,1.0,25,10,15,EUR,2025-12-13 05:39:17.293393
TXN967,2025-11-26,101,1,1.0,800,10,790,INR,2025-11-27 00:48:17.293393
TXN968,2025-12-08,201,1,2.0,800,10,1590,USD,2025-12-08 16:22:17.293393
TXN969,2025-11-25,401,5,2.0,60,10,158,EUR,2025-11-25 07:26:17.293393
TXN970,2025-12-09,501,5,1.0,60,0,60,AUD,2025-12-10 01:42:17.293393
TXN971,2025-12-15,102,1,,800,0,36,INR,2025-12-15 14:01:17.293393
TXN972,2025-12-20,501,1,1.0,800,10,790,AUD,2025-12-21 03:43:17.293393
TXN973,2025-11-23,102,3,1.0,120,10,110,INR,2025-11-23 10:02:17.293393
TXN974,2025-12-11,202,3,3.0,120,10,350,USD,2025-12-11 13:21:17.293393
TXN975,2025-11-24,102,2,3.0,30,0,90,INR,2025-11-24 17:31:17.293393
TXN976,2025-12-01,102,5,,60,5,143,INR,2025-12-01 08:06:17.293393
TXN977,2025-12-01,401,4,2.0,25,0,50,EUR,2025-12-02 03:18:17.293393
TXN978,2025-11-29,401,3,2.0,120,0,240,EUR,2025-11-30 01:52:17.293393
TXN979,2025-11-30,101,3,1.0,120,10,110,INR,2025-11-30 17:39:17.293393
TXN980,2025-12-22,201,3,2.0,120,0,240,USD,2025-12-22 12:51:17.293393
TXN981,2025-12-05,101,1,2.0,800,5,1595,INR,2025-12-05 17:10:17.293393
TXN982,2025-12-15,301,3,3.0,120,0,389,GBP,2025-12-16 04:24:17.293393
TXN983,2025-12-18,301,5,,60,0,187,GBP,2025-12-18 10:08:17.293393
TXN984,2025-12-05,301,3,1.0,120,10,110,GBP,2025-12-06 02:02:17.293393
TXN985,2025-12-06,401,4,2.0,25,5,45,EUR,2025-12-06 19:52:17.293393
TXN986,2025-12-09,401,2,3.0,30,0,90,EUR,2025-12-09 08:20:17.293393
TXN987,2025-12-13,101,1,2.0,800,0,1600,INR,2025-12-13 22:05:17.293393
TXN988,2025-12-18,501,1,,800,10,79,AUD,2025-12-18 23:26:17.293393
TXN989,2025-12-15,101,4,1.0,25,10,49,INR,2025-12-15 13:36:17.293393
TXN990,2025-12-16,401,5,1.0,60,0,60,EUR,2025-12-16 12:56:17.293393
TXN991,2025-11-28,101,3,2.0,120,0,240,INR,2025-11-28 09:07:17.293393
TXN992,2025-12-03,401,2,1.0,30,5,25,EUR,2025-12-04 00:40:17.293393
TXN993,2025-12-05,102,9999,1.0,120,10,110,INR,2025-12-05 20:58:17.293393
TXN994,2025-12-03,9999,3,1.0,-120,10,-105,USD,2025-12-03 12:00:17.293393
TXN995,2025-11-25,301,5,2.0,60,5,127,GBP,2025-11-25 15:28:17.293393
TXN996,2025-12-04,202,2,3.0,30,5,85,USD,2025-12-04 20:04:17.293393
TXN997,2025-11-23,201,2,1.0,30,0,63,USD,2025-11-23 10:44:17.293393
TXN998,2025-12-14,102,4,3.0,25,5,70,INR,2025-12-14 16:21:17.293393
TXN999,2025-12-17,501,9999,,25,0,414,AUD,2025-12-18 04:37:17.293393
TXN1000,2025-11-30,101,3,,120,10,14,INR,2025-11-30 19:54:17.293393
